ï»¿Week,Day,Date,Time,Winner/tie,,Loser/tie,,Pts,Pts,YdsW,TOW,YdsL,TOL,Margin,Home,Away,PTsH,PTsA,HSRS,ASRS,H-A_Margin,H-A_SRS,HOYPC,AOYPC,HOYPPA,AOYPPA,HDYPC,ADYPC,HDYPPA,ADYPPA,HDPAP100,ADPAP100,Net_HYPC,Net_AYPC,Net_HYPPA,Net_AYPPA,YPP_Margin
1,Thu,2020-09-10,8:20PM,Kansas City Chiefs,,Houston Texans,boxscore,34,20,369,0,360,1,14,Kansas City Chiefs,Houston Texans,34,20,6.8,-5.5,14,12.3,4.5,4.3,7.4,7.6,4.5,5.2,6.4,7.1,6.3,7.0,11.6,10.7,14.4,13.9,1.3999999999999986
1,Sun,2020-09-13,1:00PM,Seattle Seahawks,@,Atlanta Falcons,boxscore,38,25,383,0,506,2,13,Atlanta Falcons,Seattle Seahawks,25,38,0.7,5.5,-13,-4.8,3.7,4.8,6.5,6.5,4.4,3.9,7.2,6.3,6.5,6.1,10.0,12.0,12.6,13.0,-2.3999999999999986
1,Sun,2020-09-13,1:00PM,Buffalo Bills,,New York Jets,boxscore,27,17,404,2,254,2,10,Buffalo Bills,New York Jets,27,17,7.7,-11.5,10,19.2,4.2,4.1,7.4,5.2,4.6,4.0,6.1,6.9,6.6,7.4,11.1,10.2,14.8,11.8,3.8999999999999986
1,Sun,2020-09-13,1:00PM,Washington Football Team,,Philadelphia Eagles,boxscore,27,17,239,0,265,3,10,Washington Football Team,Philadelphia Eagles,27,17,-0.8,-4.4,10,3.6,4.0,5.0,5.3,5.0,4.2,4.2,5.3,6.6,6.8,7.2,10.6,10.3,12.5,11.8,1.0
1,Sun,2020-09-13,1:00PM,Green Bay Packers,@,Minnesota Vikings,boxscore,43,34,522,0,382,1,9,Minnesota Vikings,Green Bay Packers,34,43,-2.4,7.7,-9,-10.1,4.9,4.8,7.2,7.5,4.6,4.5,7.3,6.1,7.5,6.9,11.0,12.1,14.1,15.0,-2.0
1,Sun,2020-09-13,1:00PM,Baltimore Ravens,,Cleveland Browns,boxscore,38,6,381,1,306,3,32,Baltimore Ravens,Cleveland Browns,38,6,8.3,-2.6,32,10.9,5.5,4.8,6.3,6.7,4.6,4.3,5.6,6.4,5.7,7.3,11.9,10.4,13.6,12.4,2.6999999999999993
1,Sun,2020-09-13,1:00PM,New England Patriots,,Miami Dolphins,boxscore,21,11,357,1,269,3,10,New England Patriots,Miami Dolphins,21,11,-1.0,3.0,10,-4.0,4.7,3.9,6.1,6.3,4.5,4.5,6.9,6.9,6.2,5.7,11.6,10.8,11.8,12.5,0.09999999999999787
1,Sun,2020-09-13,1:00PM,Jacksonville Jaguars,,Indianapolis Colts,boxscore,27,20,241,0,445,2,7,Jacksonville Jaguars,Indianapolis Colts,27,20,-11.7,2.8,7,-14.5,4.5,4.3,5.6,7.1,4.7,3.7,7.7,6.4,7.4,6.8,10.9,12.0,12.4,14.5,-3.1999999999999993
1,Sun,2020-09-13,1:00PM,Las Vegas Raiders,@,Carolina Panthers,boxscore,34,30,372,0,388,0,4,Carolina Panthers,Las Vegas Raiders,30,34,-1.1,-2.0,-4,0.9,4.2,4.2,6.6,7.3,4.7,4.6,6.2,7.0,7.0,7.7,11.2,10.4,14.3,14.3,0.7999999999999972
1,Sun,2020-09-13,1:00PM,Chicago Bears,@,Detroit Lions,boxscore,27,23,363,0,426,1,4,Detroit Lions,Chicago Bears,23,27,-7.7,0.2,-4,-7.9,4.1,4.2,6.6,5.6,4.4,4.1,7.8,6.4,7.7,6.7,10.5,12.0,13.3,13.3,-1.5
1,Sun,2020-09-13,4:05PM,Los Angeles Chargers,@,Cincinnati Bengals,boxscore,16,13,362,0,295,2,3,Cincinnati Bengals,Los Angeles Chargers,13,16,-7.5,-2.9,-3,-4.6,4.1,3.8,5.5,6.5,5.1,4.5,6.9,6.3,6.8,7.8,10.4,10.7,13.3,13.3,-0.29999999999999716
1,Sun,2020-09-13,4:25PM,New Orleans Saints,,Tampa Bay Buccaneers,boxscore,34,23,271,0,310,3,11,New Orleans Saints,Tampa Bay Buccaneers,34,23,9.6,9.4,11,0.2,4.6,4.1,6.8,7.1,3.9,3.6,5.8,5.9,6.8,6.8,10.5,9.9,13.6,13.9,0.3000000000000007
1,Sun,2020-09-13,4:25PM,Arizona Cardinals,@,San Francisco 49ers,boxscore,24,20,404,1,366,0,4,San Francisco 49ers,Arizona Cardinals,20,24,0.8,2.6,-4,-1.8,4.3,4.7,6.6,6.5,4.0,4.6,5.9,5.9,7.8,6.5,10.2,10.6,13.1,14.3,-1.6000000000000014
1,Sun,2020-09-13,8:20PM,Los Angeles Rams,,Dallas Cowboys,boxscore,20,17,422,1,380,0,3,Los Angeles Rams,Dallas Cowboys,20,17,5.4,-5.1,3,10.5,4.3,4.2,6.5,6.1,3.8,5.0,5.1,6.7,6.6,7.7,11.0,9.3,14.2,12.7,3.1999999999999993
1,Mon,2020-09-14,7:15PM,Pittsburgh Steelers,@,New York Giants,boxscore,26,16,349,1,291,2,10,New York Giants,Pittsburgh Steelers,16,26,-4.4,4.7,-10,-9.1,4.4,3.6,5.3,6.0,4.1,4.3,6.2,5.3,6.4,6.4,9.7,9.8,11.7,12.4,-0.8000000000000043
1,Mon,2020-09-14,10:10PM,Tennessee Titans,@,Denver Broncos,boxscore,16,14,377,0,323,1,2,Denver Broncos,Tennessee Titans,14,16,-6.0,1.6,-2,-7.6,4.3,5.2,5.9,7.2,4.8,4.5,6.3,6.8,7.6,6.9,11.1,11.5,12.8,14.8,-2.400000000000002
2,Thu,2020-09-17,8:20PM,Cleveland Browns,,Cincinnati Bengals,boxscore,35,30,434,1,353,1,5,Cleveland Browns,Cincinnati Bengals,35,30,-2.6,-7.5,5,4.9,4.8,4.1,6.7,5.5,4.3,5.1,6.4,6.9,7.3,6.8,11.7,10.5,13.5,12.8,1.8999999999999986
2,Sun,2020-09-20,1:00PM,San Francisco 49ers,@,New York Jets,boxscore,31,13,359,1,277,0,18,New York Jets,San Francisco 49ers,13,31,-11.5,0.8,-18,-12.3,4.1,4.3,5.2,6.6,4.0,4.0,6.9,5.9,7.4,7.8,10.0,11.2,13.0,14.0,-2.1999999999999993
2,Sun,2020-09-20,1:00PM,Pittsburgh Steelers,,Denver Broncos,boxscore,26,21,410,2,319,2,5,Pittsburgh Steelers,Denver Broncos,26,21,4.7,-6.0,5,10.7,3.6,4.3,6.0,5.9,4.3,4.8,5.3,6.3,6.4,7.6,9.9,9.6,13.6,12.3,1.6000000000000014
2,Sun,2020-09-20,1:00PM,Tampa Bay Buccaneers,,Carolina Panthers,boxscore,31,17,339,2,427,4,14,Tampa Bay Buccaneers,Carolina Panthers,31,17,9.4,-1.1,14,10.5,4.1,4.2,7.1,6.6,3.6,4.7,5.9,6.2,6.8,7.0,10.3,10.1,14.1,13.4,0.8999999999999986
2,Sun,2020-09-20,1:00PM,Green Bay Packers,,Detroit Lions,boxscore,42,21,488,0,307,1,21,Green Bay Packers,Detroit Lions,42,21,7.7,-7.7,21,15.4,4.8,4.1,7.5,6.6,4.5,4.4,6.1,7.8,6.9,7.7,12.6,10.2,15.2,13.5,4.099999999999998
2,Sun,2020-09-20,1:00PM,Chicago Bears,,New York Giants,boxscore,17,13,304,2,295,2,4,Chicago Bears,New York Giants,17,13,0.2,-4.4,4,4.6,4.2,4.4,5.6,5.3,4.1,4.1,6.4,6.2,6.7,6.4,10.4,10.8,12.0,12.0,-0.40000000000000213
2,Sun,2020-09-20,1:00PM,Tennessee Titans,,Jacksonville Jaguars,boxscore,33,30,354,0,480,2,3,Tennessee Titans,Jacksonville Jaguars,33,30,1.6,-11.7,3,13.3,5.2,4.5,7.2,5.6,4.5,4.7,6.8,7.7,6.9,7.4,12.9,11.3,14.6,12.5,3.6999999999999993
2,Sun,2020-09-20,1:00PM,Dallas Cowboys,,Atlanta Falcons,boxscore,40,39,570,3,380,0,1,Dallas Cowboys,Atlanta Falcons,40,39,-5.1,0.7,1,-5.8,4.2,3.7,6.1,6.5,5.0,4.4,6.7,7.2,7.7,6.5,11.4,10.4,12.6,14.2,-0.6000000000000014
2,Sun,2020-09-20,1:00PM,Buffalo Bills,@,Miami Dolphins,boxscore,31,28,523,1,410,0,3,Miami Dolphins,Buffalo Bills,28,31,3.0,7.7,-3,-4.7,3.9,4.2,6.3,7.4,4.5,4.6,6.9,6.1,5.7,6.6,10.0,11.1,12.9,13.1,-1.3000000000000007
2,Sun,2020-09-20,1:00PM,Los Angeles Rams,@,Philadelphia Eagles,boxscore,37,19,449,1,363,3,18,Philadelphia Eagles,Los Angeles Rams,19,37,-4.4,5.4,-18,-9.8,5.0,4.3,5.0,6.5,4.2,3.8,6.6,5.1,7.2,6.6,10.1,10.9,11.6,13.7,-2.900000000000002
2,Sun,2020-09-20,1:00PM,Indianapolis Colts,,Minnesota Vikings,boxscore,28,11,354,1,175,3,17,Indianapolis Colts,Minnesota Vikings,28,11,2.8,-2.4,17,5.2,4.3,4.9,7.1,7.2,3.7,4.6,6.4,7.3,6.8,7.5,11.6,11.3,14.6,14.0,0.8999999999999986
2,Sun,2020-09-20,4:05PM,Arizona Cardinals,,Washington Football Team,boxscore,30,15,438,1,316,2,15,Arizona Cardinals,Washington Football Team,30,15,2.6,-0.8,15,3.4,4.7,4.0,6.5,5.3,4.6,4.2,5.9,5.3,6.5,6.8,10.0,9.9,13.3,11.8,1.5999999999999979
2,Sun,2020-09-20,4:25PM,Baltimore Ravens,@,Houston Texans,boxscore,33,16,407,0,304,2,17,Houston Texans,Baltimore Ravens,16,33,-5.5,8.3,-17,-13.8,4.3,5.5,7.6,6.3,5.2,4.6,7.1,5.6,7.0,5.7,9.9,12.6,13.3,13.3,-2.6999999999999957
2,Sun,2020-09-20,4:25PM,Kansas City Chiefs,@,Los Angeles Chargers,boxscore,23,20,414,0,479,1,3,Los Angeles Chargers,Kansas City Chiefs,20,23,-2.9,6.8,-3,-9.7,3.8,4.5,6.5,7.4,4.5,4.5,6.3,6.4,7.8,6.3,10.2,10.8,12.8,15.2,-3.0
2,Sun,2020-09-20,8:20PM,Seattle Seahawks,,New England Patriots,boxscore,35,30,429,1,464,1,5,Seattle Seahawks,New England Patriots,35,30,5.5,-1.0,5,6.5,4.8,4.7,6.5,6.1,3.9,4.5,6.3,6.9,6.1,6.2,11.7,11.0,12.7,12.2,1.1999999999999993
2,Mon,2020-09-21,8:15PM,Las Vegas Raiders,,New Orleans Saints,boxscore,34,24,377,1,424,1,10,Las Vegas Raiders,New Orleans Saints,34,24,-2.0,9.6,10,-11.6,4.2,4.6,7.3,6.8,4.6,3.9,7.0,5.8,7.7,6.8,10.0,11.6,14.1,14.5,-2.0
3,Thu,2020-09-24,8:20PM,Miami Dolphins,@,Jacksonville Jaguars,boxscore,31,13,294,0,318,2,18,Jacksonville Jaguars,Miami Dolphins,13,31,-11.7,3.0,-18,-14.7,4.5,3.9,5.6,6.3,4.7,4.5,7.7,6.9,7.4,5.7,11.4,11.6,11.3,13.7,-2.5999999999999943
3,Sun,2020-09-27,1:00PM,Chicago Bears,@,Atlanta Falcons,boxscore,30,26,437,2,371,1,4,Atlanta Falcons,Chicago Bears,26,30,0.7,0.2,-4,0.5,3.7,4.2,6.5,5.6,4.4,4.1,7.2,6.4,6.5,6.7,10.1,11.4,13.2,12.1,-0.20000000000000284
3,Sun,2020-09-27,1:00PM,Buffalo Bills,,Los Angeles Rams,boxscore,35,32,375,2,478,2,3,Buffalo Bills,Los Angeles Rams,35,32,7.7,5.4,3,2.3,4.2,4.3,7.4,6.5,4.6,3.8,6.1,5.1,6.6,6.6,9.3,10.4,14.0,13.1,-0.1999999999999993
3,Sun,2020-09-27,1:00PM,Philadelphia Eagles,,Cincinnati Bengals,boxscore,23,23,378,2,304,0,0,Philadelphia Eagles,Cincinnati Bengals,23,23,-4.4,-7.5,0,3.1,5.0,4.1,5.0,5.5,4.2,5.1,6.6,6.9,7.2,6.8,11.9,10.7,11.8,12.7,0.30000000000000426
3,Sun,2020-09-27,1:00PM,Tennessee Titans,@,Minnesota Vikings,boxscore,31,30,444,1,464,3,1,Minnesota Vikings,Tennessee Titans,30,31,-2.4,1.6,-1,-4.0,4.9,5.2,7.2,7.2,4.6,4.5,7.3,6.8,7.5,6.9,11.7,12.5,14.1,14.7,-1.4000000000000021
3,Sun,2020-09-27,1:00PM,New England Patriots,,Las Vegas Raiders,boxscore,36,20,406,1,375,3,16,New England Patriots,Las Vegas Raiders,36,20,-1.0,-2.0,16,1.0,4.7,4.2,6.1,7.3,4.5,4.6,6.9,7.0,6.2,7.7,11.7,11.1,13.8,13.5,0.8999999999999986
3,Sun,2020-09-27,1:00PM,San Francisco 49ers,@,New York Giants,boxscore,36,9,420,0,231,3,27,New York Giants,San Francisco 49ers,9,36,-4.4,0.8,-27,-5.2,4.4,4.3,5.3,6.6,4.1,4.0,6.2,5.9,6.4,7.8,10.3,10.5,13.1,13.0,-0.10000000000000142
3,Sun,2020-09-27,1:00PM,Pittsburgh Steelers,,Houston Texans,boxscore,28,21,387,0,260,1,7,Pittsburgh Steelers,Houston Texans,28,21,4.7,-5.5,7,10.2,3.6,4.3,6.0,7.6,4.3,5.2,5.3,7.1,6.4,7.0,10.7,9.6,13.0,14.0,0.09999999999999787
3,Sun,2020-09-27,1:00PM,Cleveland Browns,,Washington Football Team,boxscore,34,20,300,0,309,5,14,Cleveland Browns,Washington Football Team,34,20,-2.6,-0.8,14,-1.8,4.8,4.0,6.7,5.3,4.3,4.2,6.4,5.3,7.3,6.8,10.1,10.4,13.5,12.6,0.6000000000000014
3,Sun,2020-09-27,4:05PM,Indianapolis Colts,,New York Jets,boxscore,36,7,353,0,260,3,29,Indianapolis Colts,New York Jets,36,7,2.8,-11.5,29,14.3,4.3,4.1,7.1,5.2,3.7,4.0,6.4,6.9,6.8,7.4,11.2,10.5,14.5,12.0,3.1999999999999993
3,Sun,2020-09-27,4:05PM,Carolina Panthers,@,Los Angeles Chargers,boxscore,21,16,302,0,436,4,5,Los Angeles Chargers,Carolina Panthers,16,21,-2.9,-1.1,-5,-1.8,3.8,4.2,6.5,6.6,4.5,4.7,6.3,6.2,7.8,7.0,10.0,10.5,13.5,14.4,-1.3999999999999986
3,Sun,2020-09-27,4:25PM,Seattle Seahawks,,Dallas Cowboys,boxscore,38,31,412,1,522,3,7,Seattle Seahawks,Dallas Cowboys,38,31,5.5,-5.1,7,10.6,4.8,4.2,6.5,6.1,3.9,5.0,6.3,6.7,6.1,7.7,11.5,10.5,14.2,12.2,3.0
3,Sun,2020-09-27,4:25PM,Detroit Lions,@,Arizona Cardinals,boxscore,26,23,322,0,377,3,3,Arizona Cardinals,Detroit Lions,23,26,2.6,-7.7,-3,10.3,4.7,4.1,6.5,6.6,4.6,4.4,5.9,7.8,6.5,7.7,12.5,10.0,14.2,13.1,3.599999999999998
3,Sun,2020-09-27,4:25PM,Tampa Bay Buccaneers,@,Denver Broncos,boxscore,28,10,353,0,226,2,18,Denver Broncos,Tampa Bay Buccaneers,10,28,-6.0,9.4,-18,-15.4,4.3,4.1,5.9,7.1,4.8,3.6,6.3,5.9,7.6,6.8,10.2,10.4,12.7,14.7,-2.200000000000003
3,Sun,2020-09-27,8:20PM,Green Bay Packers,@,New Orleans Saints,boxscore,37,30,369,0,397,1,7,New Orleans Saints,Green Bay Packers,30,37,9.6,7.7,-7,1.9,4.6,4.8,6.8,7.5,3.9,4.5,5.8,6.1,6.8,6.9,10.7,10.6,13.7,14.3,-0.5
3,Mon,2020-09-28,8:15PM,Kansas City Chiefs,@,Baltimore Ravens,boxscore,34,20,517,1,228,1,14,Baltimore Ravens,Kansas City Chiefs,20,34,8.3,6.8,-14,1.5,5.5,4.5,6.3,7.4,4.6,4.5,5.6,6.4,5.7,6.3,11.9,10.1,12.6,13.1,1.3000000000000007
4,Thu,2020-10-01,8:20PM,Denver Broncos,@,New York Jets,boxscore,37,28,359,3,321,0,9,New York Jets,Denver Broncos,28,37,-11.5,-6.0,-9,-5.5,4.1,4.3,5.2,5.9,4.0,4.8,6.9,6.3,7.4,7.6,10.4,11.2,12.8,13.3,-1.2999999999999972
4,Sun,2020-10-04,1:00PM,Carolina Panthers,,Arizona Cardinals,boxscore,31,21,444,1,262,1,10,Carolina Panthers,Arizona Cardinals,31,21,-1.1,2.6,10,-3.7,4.2,4.7,6.6,6.5,4.7,4.6,6.2,5.9,7.0,6.5,10.1,10.9,13.1,13.5,-1.1999999999999993
4,Sun,2020-10-04,1:00PM,Baltimore Ravens,@,Washington Football Team,boxscore,31,17,350,2,343,1,14,Washington Football Team,Baltimore Ravens,17,31,-0.8,8.3,-14,-9.1,4.0,5.5,5.3,6.3,4.2,4.6,5.3,5.6,6.8,5.7,9.6,10.8,11.0,13.1,-3.299999999999997
4,Sun,2020-10-04,1:00PM,Minnesota Vikings,@,Houston Texans,boxscore,31,23,410,0,386,1,8,Houston Texans,Minnesota Vikings,23,31,-5.5,-2.4,-8,-3.1,4.3,4.9,7.6,7.2,5.2,4.6,7.1,7.3,7.0,7.5,11.6,12.0,15.1,14.2,0.5
4,Sun,2020-10-04,1:00PM,Cleveland Browns,@,Dallas Cowboys,boxscore,49,38,508,0,566,3,11,Dallas Cowboys,Cleveland Browns,38,49,-5.1,-2.6,-11,-2.5,4.2,4.8,6.1,6.7,5.0,4.3,6.7,6.4,7.7,7.3,10.6,11.5,13.4,14.4,-1.8999999999999986
4,Sun,2020-10-04,1:00PM,New Orleans Saints,@,Detroit Lions,boxscore,35,29,392,1,281,1,6,Detroit Lions,New Orleans Saints,29,35,-7.7,9.6,-6,-17.3,4.1,4.6,6.6,6.8,4.4,3.9,7.8,5.8,7.7,6.8,9.9,12.4,13.4,14.5,-3.599999999999998
4,Sun,2020-10-04,1:00PM,Indianapolis Colts,@,Chicago Bears,boxscore,19,11,289,0,269,1,8,Chicago Bears,Indianapolis Colts,11,19,0.2,2.8,-8,-2.6,4.2,4.3,5.6,7.1,4.1,3.7,6.4,6.4,6.7,6.8,10.6,10.7,12.4,13.8,-1.5
4,Sun,2020-10-04,1:00PM,Tampa Bay Buccaneers,,Los Angeles Chargers,boxscore,38,31,484,1,324,2,7,Tampa Bay Buccaneers,Los Angeles Chargers,38,31,9.4,-2.9,7,12.3,4.1,3.8,7.1,6.5,3.6,4.5,5.9,6.3,6.8,7.8,10.4,9.7,14.9,13.3,2.3000000000000007
4,Sun,2020-10-04,1:00PM,Cincinnati Bengals,,Jacksonville Jaguars,boxscore,33,25,505,1,429,1,8,Cincinnati Bengals,Jacksonville Jaguars,33,25,-7.5,-11.7,8,4.2,4.1,4.5,5.5,5.6,5.1,4.7,6.9,7.7,6.8,7.4,11.8,11.4,12.9,12.4,0.9000000000000021
4,Sun,2020-10-04,1:00PM,Seattle Seahawks,@,Miami Dolphins,boxscore,31,23,441,1,415,2,8,Miami Dolphins,Seattle Seahawks,23,31,3.0,5.5,-8,-2.5,3.9,4.8,6.3,6.5,4.5,3.9,6.9,6.3,5.7,6.1,10.2,11.7,12.4,12.2,-1.2999999999999972
4,Sun,2020-10-04,4:05PM,Los Angeles Rams,,New York Giants,boxscore,17,9,240,1,295,1,8,Los Angeles Rams,New York Giants,17,9,5.4,-4.4,8,9.8,4.3,4.4,6.5,5.3,3.8,4.1,5.1,6.2,6.6,6.4,10.5,9.5,12.9,11.9,2.0
4,Sun,2020-10-04,4:25PM,Buffalo Bills,@,Las Vegas Raiders,boxscore,30,23,337,0,383,2,7,Las Vegas Raiders,Buffalo Bills,23,30,-2.0,7.7,-7,-9.7,4.2,4.2,7.3,7.4,4.6,4.6,7.0,6.1,7.7,6.6,10.3,11.2,13.9,15.1,-2.0999999999999943
4,Sun,2020-10-04,8:20PM,Philadelphia Eagles,@,San Francisco 49ers,boxscore,25,20,267,1,417,3,5,San Francisco 49ers,Philadelphia Eagles,20,25,0.8,-4.4,-5,5.2,4.3,5.0,6.6,5.0,4.0,4.2,5.9,6.6,7.8,7.2,10.9,10.9,13.8,12.8,1.0
4,Mon,2020-10-05,7:05PM,Kansas City Chiefs,,New England Patriots,boxscore,26,10,323,1,357,4,16,Kansas City Chiefs,New England Patriots,26,10,6.8,-1.0,16,7.8,4.5,4.7,7.4,6.1,4.5,4.5,6.4,6.9,6.3,6.2,11.4,11.1,13.6,12.4,1.5
4,Mon,2020-10-05,8:15PM,Green Bay Packers,,Atlanta Falcons,boxscore,30,16,403,0,327,0,14,Green Bay Packers,Atlanta Falcons,30,16,7.7,0.7,14,7.0,4.8,3.7,7.5,6.5,4.5,4.4,6.1,7.2,6.9,6.5,12.0,9.8,14.0,13.4,2.799999999999997
5,Thu,2020-10-08,8:20PM,Chicago Bears,,Tampa Bay Buccaneers,boxscore,20,19,243,1,339,1,1,Chicago Bears,Tampa Bay Buccaneers,20,19,0.2,9.4,1,-9.2,4.2,4.1,5.6,7.1,4.1,3.6,6.4,5.9,6.7,6.8,10.1,10.5,12.4,13.8,-1.8000000000000007
5,Sun,2020-10-11,1:00PM,Carolina Panthers,@,Atlanta Falcons,boxscore,23,16,437,0,373,1,7,Atlanta Falcons,Carolina Panthers,16,23,0.7,-1.1,-7,1.8,3.7,4.2,6.5,6.6,4.4,4.7,7.2,6.2,6.5,7.0,9.9,11.4,13.5,13.1,-1.1000000000000014
5,Sun,2020-10-11,1:00PM,Arizona Cardinals,@,New York Jets,boxscore,30,10,496,1,285,0,20,New York Jets,Arizona Cardinals,10,30,-11.5,2.6,-20,-14.1,4.1,4.7,5.2,6.5,4.0,4.6,6.9,5.9,7.4,6.5,10.0,11.6,11.7,13.9,-3.8000000000000007
5,Sun,2020-10-11,1:00PM,Baltimore Ravens,,Cincinnati Bengals,boxscore,27,3,332,1,205,3,24,Baltimore Ravens,Cincinnati Bengals,27,3,8.3,-7.5,24,15.8,5.5,4.1,6.3,5.5,4.6,5.1,5.6,6.9,5.7,6.8,12.4,9.7,13.1,11.2,4.600000000000001
5,Sun,2020-10-11,1:00PM,Las Vegas Raiders,@,Kansas City Chiefs,boxscore,40,32,490,1,413,1,8,Kansas City Chiefs,Las Vegas Raiders,32,40,6.8,-2.0,-8,8.8,4.5,4.2,7.4,7.3,4.5,4.6,6.4,7.0,6.3,7.7,11.5,10.6,15.1,13.6,2.400000000000002
5,Sun,2020-10-11,1:00PM,Pittsburgh Steelers,,Philadelphia Eagles,boxscore,38,29,367,1,336,2,9,Pittsburgh Steelers,Philadelphia Eagles,38,29,4.7,-4.4,9,9.1,3.6,5.0,6.0,5.0,4.3,4.2,5.3,6.6,6.4,7.2,10.2,10.3,13.2,11.4,1.6999999999999957
5,Sun,2020-10-11,1:00PM,Los Angeles Rams,@,Washington Football Team,boxscore,30,10,429,1,108,0,20,Washington Football Team,Los Angeles Rams,10,30,-0.8,5.4,-20,-6.2,4.0,4.3,5.3,6.5,4.2,3.8,5.3,5.1,6.8,6.6,9.1,9.6,11.9,13.3,-1.8999999999999986
5,Sun,2020-10-11,1:00PM,Houston Texans,,Jacksonville Jaguars,boxscore,30,14,486,2,364,2,16,Houston Texans,Jacksonville Jaguars,30,14,-5.5,-11.7,16,6.2,4.3,4.5,7.6,5.6,5.2,4.7,7.1,7.7,7.0,7.4,12.0,11.6,15.0,12.6,2.8000000000000007
5,Sun,2020-10-11,4:05PM,Miami Dolphins,@,San Francisco 49ers,boxscore,43,17,436,0,259,3,26,San Francisco 49ers,Miami Dolphins,17,43,0.8,3.0,-26,-2.2,4.3,3.9,6.6,6.3,4.0,4.5,5.9,6.9,7.8,5.7,11.2,9.8,12.3,14.1,-0.3999999999999986
5,Sun,2020-10-11,4:25PM,Dallas Cowboys,,New York Giants,boxscore,37,34,402,2,300,1,3,Dallas Cowboys,New York Giants,37,34,-5.1,-4.4,3,-0.7,4.2,4.4,6.1,5.3,5.0,4.1,6.7,6.2,7.7,6.4,10.4,11.1,12.5,13.0,-1.2000000000000028
5,Sun,2020-10-11,4:25PM,Cleveland Browns,,Indianapolis Colts,boxscore,32,23,385,2,308,2,9,Cleveland Browns,Indianapolis Colts,32,23,-2.6,2.8,9,-5.4,4.8,4.3,6.7,7.1,4.3,3.7,6.4,6.4,7.3,6.8,11.2,10.7,13.5,14.4,-0.40000000000000213
5,Sun,2020-10-11,8:20PM,Seattle Seahawks,,Minnesota Vikings,boxscore,27,26,314,1,449,2,1,Seattle Seahawks,Minnesota Vikings,27,26,5.5,-2.4,1,7.9,4.8,4.9,6.5,7.2,3.9,4.6,6.3,7.3,6.1,7.5,12.1,11.2,14.0,13.3,1.6000000000000014
5,Mon,2020-10-12,8:15PM,New Orleans Saints,,Los Angeles Chargers,boxscore,30,27,408,1,350,0,3,New Orleans Saints,Los Angeles Chargers,30,27,9.6,-2.9,3,12.5,4.6,3.8,6.8,6.5,3.9,4.5,5.8,6.3,6.8,7.8,10.9,9.6,14.6,13.3,2.6000000000000014
5,Tue,2020-10-13,7:00PM,Tennessee Titans,,Buffalo Bills,boxscore,42,16,334,0,370,3,26,Tennessee Titans,Buffalo Bills,42,16,1.6,7.7,26,-6.1,5.2,4.2,7.2,7.4,4.5,4.6,6.8,6.1,6.9,6.6,11.3,11.0,13.8,14.3,-0.1999999999999993
6,Sun,2020-10-18,1:00PM,Detroit Lions,@,Jacksonville Jaguars,boxscore,34,16,403,1,275,2,18,Jacksonville Jaguars,Detroit Lions,16,34,-11.7,-7.7,-18,-4.0,4.5,4.1,5.6,6.6,4.7,4.4,7.7,7.8,7.4,7.7,12.3,11.8,13.3,14.0,-0.1999999999999993
6,Sun,2020-10-18,1:00PM,Denver Broncos,@,New England Patriots,boxscore,18,12,299,2,288,3,6,New England Patriots,Denver Broncos,12,18,-1.0,-6.0,-6,5.0,4.7,4.3,6.1,5.9,4.5,4.8,6.9,6.3,6.2,7.6,11.0,11.2,13.7,12.1,1.4000000000000021
6,Sun,2020-10-18,1:00PM,Baltimore Ravens,@,Philadelphia Eagles,boxscore,30,28,355,0,364,1,2,Philadelphia Eagles,Baltimore Ravens,28,30,-4.4,8.3,-2,-12.7,5.0,5.5,5.0,6.3,4.2,4.6,6.6,5.6,7.2,5.7,10.6,12.1,10.7,13.5,-4.300000000000004
6,Sun,2020-10-18,1:00PM,Tennessee Titans,,Houston Texans,boxscore,42,36,607,2,412,0,6,Tennessee Titans,Houston Texans,42,36,1.6,-5.5,6,7.1,5.2,4.3,7.2,7.6,4.5,5.2,6.8,7.1,6.9,7.0,12.3,11.1,14.2,14.5,0.8999999999999986
6,Sun,2020-10-18,1:00PM,Pittsburgh Steelers,,Cleveland Browns,boxscore,38,7,277,0,220,2,31,Pittsburgh Steelers,Cleveland Browns,38,7,4.7,-2.6,31,7.3,3.6,4.8,6.0,6.7,4.3,4.3,5.3,6.4,6.4,7.3,10.0,10.1,13.3,13.1,0.10000000000000142
6,Sun,2020-10-18,1:00PM,Atlanta Falcons,@,Minnesota Vikings,boxscore,40,23,462,1,365,3,17,Minnesota Vikings,Atlanta Falcons,23,40,-2.4,0.7,-17,-3.1,4.9,3.7,7.2,6.5,4.6,4.4,7.3,7.2,7.5,6.5,12.1,11.0,13.7,14.0,0.7999999999999972
6,Sun,2020-10-18,1:00PM,New York Giants,,Washington Football Team,boxscore,20,19,240,1,337,2,1,New York Giants,Washington Football Team,20,19,-4.4,-0.8,1,-3.6,4.4,4.0,5.3,5.3,4.1,4.2,6.2,5.3,6.4,6.8,9.7,10.2,12.1,11.7,-0.10000000000000142
6,Sun,2020-10-18,1:00PM,Chicago Bears,@,Carolina Panthers,boxscore,23,16,261,1,303,3,7,Carolina Panthers,Chicago Bears,16,23,-1.1,0.2,-7,-1.3,4.2,4.2,6.6,5.6,4.7,4.1,6.2,6.4,7.0,6.7,10.6,10.4,13.3,12.6,0.8999999999999986
6,Sun,2020-10-18,1:00PM,Indianapolis Colts,,Cincinnati Bengals,boxscore,31,27,430,2,398,1,4,Indianapolis Colts,Cincinnati Bengals,31,27,2.8,-7.5,4,10.3,4.3,4.1,7.1,5.5,3.7,5.1,6.4,6.9,6.8,6.8,11.2,10.5,13.9,12.3,2.3000000000000007
6,Sun,2020-10-18,4:05PM,Miami Dolphins,,New York Jets,boxscore,24,0,302,2,263,1,24,Miami Dolphins,New York Jets,24,0,3.0,-11.5,24,14.5,3.9,4.1,6.3,5.2,4.5,4.0,6.9,6.9,5.7,7.4,10.8,11.0,13.7,10.9,2.6000000000000014
6,Sun,2020-10-18,4:25PM,Tampa Bay Buccaneers,,Green Bay Packers,boxscore,38,10,324,0,201,2,28,Tampa Bay Buccaneers,Green Bay Packers,38,10,9.4,7.7,28,1.7,4.1,4.8,7.1,7.5,3.6,4.5,5.9,6.1,6.8,6.9,10.2,10.7,14.0,14.3,-0.8000000000000007
6,Sun,2020-10-18,8:20PM,San Francisco 49ers,,Los Angeles Rams,boxscore,24,16,390,0,311,1,8,San Francisco 49ers,Los Angeles Rams,24,16,0.8,5.4,8,-4.6,4.3,4.3,6.6,6.5,4.0,3.8,5.9,5.1,7.8,6.6,9.4,10.2,13.2,14.3,-1.8999999999999986
6,Mon,2020-10-19,5:00PM,Kansas City Chiefs,@,Buffalo Bills,boxscore,26,17,466,1,206,1,9,Buffalo Bills,Kansas City Chiefs,17,26,7.7,6.8,-9,0.9,4.2,4.5,7.4,7.4,4.6,4.5,6.1,6.4,6.6,6.3,10.6,10.6,13.7,14.0,-0.30000000000000426
6,Mon,2020-10-19,8:15PM,Arizona Cardinals,@,Dallas Cowboys,boxscore,38,10,438,0,344,4,28,Dallas Cowboys,Arizona Cardinals,10,38,-5.1,2.6,-28,-7.7,4.2,4.7,6.1,6.5,5.0,4.6,6.7,5.9,7.7,6.5,10.1,11.4,12.6,14.2,-2.900000000000002
7,Thu,2020-10-22,8:20PM,Philadelphia Eagles,,New York Giants,boxscore,22,21,442,1,325,3,1,Philadelphia Eagles,New York Giants,22,21,-4.4,-4.4,1,0.0,5.0,4.4,5.0,5.3,4.2,4.1,6.6,6.2,7.2,6.4,11.2,11.0,11.4,12.5,-0.8999999999999986
7,Sun,2020-10-25,1:00PM,Pittsburgh Steelers,@,Tennessee Titans,boxscore,27,24,362,3,292,0,3,Tennessee Titans,Pittsburgh Steelers,24,27,1.6,4.7,-3,-3.1,5.2,3.6,7.2,6.0,4.5,4.3,6.8,5.3,6.9,6.4,10.5,10.4,13.6,12.9,0.8000000000000007
7,Sun,2020-10-25,1:00PM,Green Bay Packers,@,Houston Texans,boxscore,35,20,379,0,365,1,15,Houston Texans,Green Bay Packers,20,35,-5.5,7.7,-15,-13.2,4.3,4.8,7.6,7.5,5.2,4.5,7.1,6.1,7.0,6.9,10.4,11.9,14.5,14.5,-1.5
7,Sun,2020-10-25,1:00PM,Detroit Lions,@,Atlanta Falcons,boxscore,23,22,386,0,388,1,1,Atlanta Falcons,Detroit Lions,22,23,0.7,-7.7,-1,8.4,3.7,4.1,6.5,6.6,4.4,4.4,7.2,7.8,6.5,7.7,11.5,11.3,14.2,13.1,1.3000000000000007
7,Sun,2020-10-25,1:00PM,Buffalo Bills,@,New York Jets,boxscore,18,10,422,1,191,2,8,New York Jets,Buffalo Bills,10,18,-11.5,7.7,-8,-19.2,4.1,4.2,5.2,7.4,4.0,4.6,6.9,6.1,7.4,6.6,10.2,11.1,11.8,14.8,-3.8999999999999986
7,Sun,2020-10-25,1:00PM,Washington Football Team,,Dallas Cowboys,boxscore,25,3,397,0,142,1,22,Washington Football Team,Dallas Cowboys,25,3,-0.8,-5.1,22,4.3,4.0,4.2,5.3,6.1,4.2,5.0,5.3,6.7,6.8,7.7,10.7,9.5,13.0,12.9,1.3000000000000007
7,Sun,2020-10-25,1:00PM,New Orleans Saints,,Carolina Panthers,boxscore,27,24,415,1,283,0,3,New Orleans Saints,Carolina Panthers,27,24,9.6,-1.1,3,10.7,4.6,4.2,6.8,6.6,3.9,4.7,5.8,6.2,6.8,7.0,10.8,10.0,13.8,13.4,1.2000000000000028
7,Sun,2020-10-25,1:00PM,Cleveland Browns,@,Cincinnati Bengals,boxscore,37,34,398,1,468,2,3,Cincinnati Bengals,Cleveland Browns,34,37,-7.5,-2.6,-3,-4.9,4.1,4.8,5.5,6.7,5.1,4.3,6.9,6.4,6.8,7.3,10.5,11.7,12.8,13.5,-1.8999999999999986
7,Sun,2020-10-25,4:05PM,Tampa Bay Buccaneers,@,Las Vegas Raiders,boxscore,45,20,454,0,347,1,25,Las Vegas Raiders,Tampa Bay Buccaneers,20,45,-2.0,9.4,-25,-11.4,4.2,4.1,7.3,7.1,4.6,3.6,7.0,5.9,7.7,6.8,10.1,11.1,14.1,14.8,-1.6999999999999993
7,Sun,2020-10-25,4:25PM,San Francisco 49ers,@,New England Patriots,boxscore,33,6,467,2,241,4,27,New England Patriots,San Francisco 49ers,6,33,-1.0,0.8,-27,-1.8,4.7,4.3,6.1,6.6,4.5,4.0,6.9,5.9,6.2,7.8,10.6,11.2,13.9,12.8,0.5
7,Sun,2020-10-25,4:25PM,Kansas City Chiefs,@,Denver Broncos,boxscore,43,16,286,1,411,4,27,Denver Broncos,Kansas City Chiefs,16,43,-6.0,6.8,-27,-12.8,4.3,4.5,5.9,7.4,4.8,4.5,6.3,6.4,7.6,6.3,10.7,10.8,12.2,15.0,-2.900000000000002
7,Sun,2020-10-25,4:25PM,Los Angeles Chargers,,Jacksonville Jaguars,boxscore,39,29,484,0,294,1,10,Los Angeles Chargers,Jacksonville Jaguars,39,29,-2.9,-11.7,10,8.8,3.8,4.5,6.5,5.6,4.5,4.7,6.3,7.7,7.8,7.4,11.5,10.8,13.9,13.4,1.1999999999999957
7,Sun,2020-10-25,8:20PM,Arizona Cardinals,,Seattle Seahawks,boxscore,37,34,519,2,572,3,3,Arizona Cardinals,Seattle Seahawks,37,34,2.6,5.5,3,-2.9,4.7,4.8,6.5,6.5,4.6,3.9,5.9,6.3,6.5,6.1,11.0,10.7,12.6,13.0,-0.09999999999999787
7,Mon,2020-10-26,8:15PM,Los Angeles Rams,,Chicago Bears,boxscore,24,10,371,1,279,2,14,Los Angeles Rams,Chicago Bears,24,10,5.4,0.2,14,5.2,4.3,4.2,6.5,5.6,3.8,4.1,5.1,6.4,6.6,6.7,10.7,9.3,13.2,12.2,2.3999999999999986
8,Thu,2020-10-29,8:20PM,Atlanta Falcons,@,Carolina Panthers,boxscore,25,17,401,1,304,1,8,Carolina Panthers,Atlanta Falcons,17,25,-1.1,0.7,-8,-1.8,4.2,3.7,6.6,6.5,4.7,4.4,6.2,7.2,7.0,6.5,11.4,9.9,13.1,13.5,1.1000000000000014
8,Sun,2020-11-01,1:00PM,Minnesota Vikings,@,Green Bay Packers,boxscore,28,22,324,0,400,1,6,Green Bay Packers,Minnesota Vikings,22,28,7.7,-2.4,-6,10.1,4.8,4.9,7.5,7.2,4.5,4.6,6.1,7.3,6.9,7.5,12.1,11.0,15.0,14.1,2.0
8,Sun,2020-11-01,1:00PM,Miami Dolphins,,Los Angeles Rams,boxscore,28,17,145,2,471,4,11,Miami Dolphins,Los Angeles Rams,28,17,3.0,5.4,11,-2.4,3.9,4.3,6.3,6.5,4.5,3.8,6.9,5.1,5.7,6.6,9.0,11.2,12.9,12.2,-1.5
8,Sun,2020-11-01,1:00PM,Pittsburgh Steelers,@,Baltimore Ravens,boxscore,28,24,221,1,457,4,4,Baltimore Ravens,Pittsburgh Steelers,24,28,8.3,4.7,-4,3.6,5.5,3.6,6.3,6.0,4.6,4.3,5.6,5.3,5.7,6.4,10.8,9.2,12.7,11.7,2.6000000000000014
8,Sun,2020-11-01,1:00PM,Indianapolis Colts,@,Detroit Lions,boxscore,41,21,366,0,326,2,20,Detroit Lions,Indianapolis Colts,21,41,-7.7,2.8,-20,-10.5,4.1,4.3,6.6,7.1,4.4,3.7,7.8,6.4,7.7,6.8,10.5,12.1,13.4,14.8,-3.0
8,Sun,2020-11-01,1:00PM,Buffalo Bills,,New England Patriots,boxscore,24,21,339,1,349,1,3,Buffalo Bills,New England Patriots,24,21,7.7,-1.0,3,8.7,4.2,4.7,7.4,6.1,4.6,4.5,6.1,6.9,6.6,6.2,11.1,10.8,13.6,12.7,1.1999999999999993
8,Sun,2020-11-01,1:00PM,Cincinnati Bengals,,Tennessee Titans,boxscore,31,20,367,0,441,1,11,Cincinnati Bengals,Tennessee Titans,31,20,-7.5,1.6,11,-9.1,4.1,5.2,5.5,7.2,5.1,4.5,6.9,6.8,6.8,6.9,10.9,12.1,12.4,14.0,-2.8000000000000007
8,Sun,2020-11-01,1:00PM,Las Vegas Raiders,@,Cleveland Browns,boxscore,16,6,309,0,223,1,10,Cleveland Browns,Las Vegas Raiders,6,16,-2.6,-2.0,-10,-0.6,4.8,4.2,6.7,7.3,4.3,4.6,6.4,7.0,7.3,7.7,11.8,10.6,14.4,14.6,1.0000000000000036
8,Sun,2020-11-01,1:00PM,Kansas City Chiefs,,New York Jets,boxscore,35,9,496,0,221,1,26,Kansas City Chiefs,New York Jets,35,9,6.8,-11.5,26,18.3,4.5,4.1,7.4,5.2,4.5,4.0,6.4,6.9,6.3,7.4,11.4,10.5,14.8,11.5,4.200000000000003
8,Sun,2020-11-01,4:05PM,Denver Broncos,,Los Angeles Chargers,boxscore,31,30,351,1,485,2,1,Denver Broncos,Los Angeles Chargers,31,30,-6.0,-2.9,1,-3.1,4.3,3.8,5.9,6.5,4.8,4.5,6.3,6.3,7.6,7.8,10.6,10.1,13.7,14.1,0.09999999999999787
8,Sun,2020-11-01,4:25PM,Seattle Seahawks,,San Francisco 49ers,boxscore,37,27,350,0,351,2,10,Seattle Seahawks,San Francisco 49ers,37,27,5.5,0.8,10,4.7,4.8,4.3,6.5,6.6,3.9,4.0,6.3,5.9,6.1,7.8,10.7,10.6,14.3,12.7,1.7000000000000028
8,Sun,2020-11-01,4:25PM,New Orleans Saints,@,Chicago Bears,boxscore,26,23,394,0,329,1,3,Chicago Bears,New Orleans Saints,23,26,0.2,9.6,-3,-9.4,4.2,4.6,5.6,6.8,4.1,3.9,6.4,5.8,6.7,6.8,10.0,11.0,12.4,13.5,-2.1000000000000014
8,Sun,2020-11-01,8:20PM,Philadelphia Eagles,,Dallas Cowboys,boxscore,23,9,222,4,265,2,14,Philadelphia Eagles,Dallas Cowboys,23,9,-4.4,-5.1,14,0.7,5.0,4.2,5.0,6.1,4.2,5.0,6.6,6.7,7.2,7.7,11.7,10.8,12.7,13.3,0.29999999999999716
8,Mon,2020-11-02,8:15PM,Tampa Bay Buccaneers,@,New York Giants,boxscore,25,23,344,1,357,2,2,New York Giants,Tampa Bay Buccaneers,23,25,-4.4,9.4,-2,-13.8,4.4,4.1,5.3,7.1,4.1,3.6,6.2,5.9,6.4,6.8,10.3,10.3,12.1,13.5,-1.4000000000000021
9,Thu,2020-11-05,8:20PM,Green Bay Packers,@,San Francisco 49ers,boxscore,34,17,405,0,337,2,17,San Francisco 49ers,Green Bay Packers,17,34,0.8,7.7,-17,-6.9,4.3,4.8,6.6,7.5,4.0,4.5,5.9,6.1,7.8,6.9,10.4,10.7,13.5,15.3,-2.1000000000000014
9,Sun,2020-11-08,1:00PM,Baltimore Ravens,@,Indianapolis Colts,boxscore,24,10,266,1,339,2,14,Indianapolis Colts,Baltimore Ravens,10,24,2.8,8.3,-14,-5.5,4.3,5.5,7.1,6.3,3.7,4.6,6.4,5.6,6.8,5.7,9.9,11.9,12.8,13.1,-2.299999999999997
9,Sun,2020-11-08,1:00PM,Minnesota Vikings,,Detroit Lions,boxscore,34,20,487,0,421,3,14,Minnesota Vikings,Detroit Lions,34,20,-2.4,-7.7,14,5.3,4.9,4.1,7.2,6.6,4.6,4.4,7.3,7.8,7.5,7.7,12.7,11.4,14.9,14.1,2.1000000000000014
9,Sun,2020-11-08,1:00PM,Houston Texans,@,Jacksonville Jaguars,boxscore,27,25,374,1,403,1,2,Jacksonville Jaguars,Houston Texans,25,27,-11.7,-5.5,-2,-6.2,4.5,4.3,5.6,7.6,4.7,5.2,7.7,7.1,7.4,7.0,11.6,12.0,12.6,15.0,-2.8000000000000007
9,Sun,2020-11-08,1:00PM,Atlanta Falcons,,Denver Broncos,boxscore,34,27,363,1,405,1,7,Atlanta Falcons,Denver Broncos,34,27,0.7,-6.0,7,6.7,3.7,4.3,6.5,5.9,4.4,4.8,7.2,6.3,6.5,7.6,10.0,11.5,14.1,12.4,0.20000000000000284
9,Sun,2020-11-08,1:00PM,Buffalo Bills,,Seattle Seahawks,boxscore,44,34,420,0,419,4,10,Buffalo Bills,Seattle Seahawks,44,34,7.7,5.5,10,2.2,4.2,4.8,7.4,6.5,4.6,3.9,6.1,6.3,6.6,6.1,10.5,10.9,13.5,13.1,0.0
9,Sun,2020-11-08,1:00PM,New York Giants,@,Washington Football Team,boxscore,23,20,350,0,402,5,3,Washington Football Team,New York Giants,20,23,-0.8,-4.4,-3,3.6,4.0,4.4,5.3,5.3,4.2,4.1,5.3,6.2,6.8,6.4,10.2,9.7,11.7,12.1,0.10000000000000142
9,Sun,2020-11-08,1:00PM,Kansas City Chiefs,,Carolina Panthers,boxscore,33,31,397,1,435,0,2,Kansas City Chiefs,Carolina Panthers,33,31,6.8,-1.1,2,7.9,4.5,4.2,7.4,6.6,4.5,4.7,6.4,6.2,6.3,7.0,10.7,10.6,14.4,12.9,1.6000000000000014
9,Sun,2020-11-08,1:00PM,Tennessee Titans,,Chicago Bears,boxscore,24,17,228,0,375,2,7,Tennessee Titans,Chicago Bears,24,17,1.6,0.2,7,1.4,5.2,4.2,7.2,5.6,4.5,4.1,6.8,6.4,6.9,6.7,11.6,11.0,13.9,12.5,2.0
9,Sun,2020-11-08,4:05PM,Las Vegas Raiders,@,Los Angeles Chargers,boxscore,31,26,320,1,440,1,5,Los Angeles Chargers,Las Vegas Raiders,26,31,-2.9,-2.0,-5,-0.9,3.8,4.2,6.5,7.3,4.5,4.6,6.3,7.0,7.8,7.7,10.8,10.5,14.2,15.1,-0.6000000000000014
9,Sun,2020-11-08,4:25PM,Miami Dolphins,@,Arizona Cardinals,boxscore,34,31,312,0,442,1,3,Arizona Cardinals,Miami Dolphins,31,34,2.6,3.0,-3,-0.4,4.7,3.9,6.5,6.3,4.6,4.5,5.9,6.9,6.5,5.7,11.6,9.8,12.2,12.8,1.1999999999999957
9,Sun,2020-11-08,4:25PM,Pittsburgh Steelers,@,Dallas Cowboys,boxscore,24,19,355,0,364,2,5,Dallas Cowboys,Pittsburgh Steelers,19,24,-5.1,4.7,-5,-9.8,4.2,3.6,6.1,6.0,5.0,4.3,6.7,5.3,7.7,6.4,9.5,10.3,12.5,13.7,-2.0
9,Sun,2020-11-08,8:20PM,New Orleans Saints,@,Tampa Bay Buccaneers,boxscore,38,3,420,2,194,3,35,Tampa Bay Buccaneers,New Orleans Saints,3,38,9.4,9.6,-35,-0.2,4.1,4.6,7.1,6.8,3.6,3.9,5.9,5.8,6.8,6.8,9.9,10.5,13.9,13.6,-0.3000000000000007
9,Mon,2020-11-09,8:15PM,New England Patriots,@,New York Jets,boxscore,30,27,433,0,322,1,3,New York Jets,New England Patriots,27,30,-11.5,-1.0,-3,-10.5,4.1,4.7,5.2,6.1,4.0,4.5,6.9,6.9,7.4,6.2,11.0,11.6,11.4,13.5,-2.700000000000003
10,Thu,2020-11-12,8:20PM,Indianapolis Colts,@,Tennessee Titans,boxscore,34,17,430,0,294,0,17,Tennessee Titans,Indianapolis Colts,17,34,1.6,2.8,-17,-1.2,5.2,4.3,7.2,7.1,4.5,3.7,6.8,6.4,6.9,6.8,11.6,11.1,14.0,14.0,0.5
10,Sun,2020-11-15,1:00PM,Detroit Lions,,Washington Football Team,boxscore,30,27,372,0,464,1,3,Detroit Lions,Washington Football Team,30,27,-7.7,-0.8,3,-6.9,4.1,4.0,6.6,5.3,4.4,4.2,7.8,5.3,7.7,6.8,9.4,11.8,13.4,13.0,-2.0
10,Sun,2020-11-15,1:00PM,Green Bay Packers,,Jacksonville Jaguars,boxscore,24,20,395,2,260,1,4,Green Bay Packers,Jacksonville Jaguars,24,20,7.7,-11.7,4,19.4,4.8,4.5,7.5,5.6,4.5,4.7,6.1,7.7,6.9,7.4,12.5,10.6,14.9,12.5,4.299999999999997
10,Sun,2020-11-15,1:00PM,Cleveland Browns,,Houston Texans,boxscore,10,7,356,0,243,0,3,Cleveland Browns,Houston Texans,10,7,-2.6,-5.5,3,2.9,4.8,4.3,6.7,7.6,4.3,5.2,6.4,7.1,7.3,7.0,11.9,10.7,13.7,14.9,0.0
10,Sun,2020-11-15,1:00PM,Tampa Bay Buccaneers,@,Carolina Panthers,boxscore,46,23,544,1,187,1,23,Carolina Panthers,Tampa Bay Buccaneers,23,46,-1.1,9.4,-23,-10.5,4.2,4.1,6.6,7.1,4.7,3.6,6.2,5.9,7.0,6.8,10.1,10.3,13.4,14.1,-0.8999999999999986
10,Sun,2020-11-15,1:00PM,New York Giants,,Philadelphia Eagles,boxscore,27,17,382,0,346,0,10,New York Giants,Philadelphia Eagles,27,17,-4.4,-4.4,10,0.0,4.4,5.0,5.3,5.0,4.1,4.2,6.2,6.6,6.4,7.2,11.0,11.2,12.5,11.4,0.8999999999999986
10,Sun,2020-11-15,4:05PM,Las Vegas Raiders,,Denver Broncos,boxscore,37,12,357,0,313,5,25,Las Vegas Raiders,Denver Broncos,37,12,-2.0,-6.0,25,4.0,4.2,4.3,7.3,5.9,4.6,4.8,7.0,6.3,7.7,7.6,10.5,11.3,14.9,13.6,0.5
10,Sun,2020-11-15,4:05PM,Miami Dolphins,,Los Angeles Chargers,boxscore,29,21,280,1,273,1,8,Miami Dolphins,Los Angeles Chargers,29,21,3.0,-2.9,8,5.9,3.9,3.8,6.3,6.5,4.5,4.5,6.9,6.3,5.7,7.8,10.2,10.7,14.1,12.2,1.3999999999999986
10,Sun,2020-11-15,4:05PM,Arizona Cardinals,,Buffalo Bills,boxscore,32,30,453,2,369,2,2,Arizona Cardinals,Buffalo Bills,32,30,2.6,7.7,2,-5.1,4.7,4.2,6.5,7.4,4.6,4.6,5.9,6.1,6.5,6.6,10.8,10.1,13.1,13.9,-0.10000000000000142
10,Sun,2020-11-15,4:25PM,Pittsburgh Steelers,,Cincinnati Bengals,boxscore,36,10,377,0,324,2,26,Pittsburgh Steelers,Cincinnati Bengals,36,10,4.7,-7.5,26,12.2,3.6,4.1,6.0,5.5,4.3,5.1,5.3,6.9,6.4,6.8,10.5,9.4,12.8,11.9,2.0
10,Sun,2020-11-15,4:25PM,New Orleans Saints,,San Francisco 49ers,boxscore,27,13,237,2,281,4,14,New Orleans Saints,San Francisco 49ers,27,13,9.6,0.8,14,8.8,4.6,4.3,6.8,6.6,3.9,4.0,5.8,5.9,6.8,7.8,10.5,10.1,14.6,13.4,1.6000000000000014
10,Sun,2020-11-15,4:25PM,Los Angeles Rams,,Seattle Seahawks,boxscore,23,16,389,1,333,3,7,Los Angeles Rams,Seattle Seahawks,23,16,5.4,5.5,7,-0.1,4.3,4.8,6.5,6.5,3.8,3.9,5.1,6.3,6.6,6.1,10.6,9.9,12.6,13.1,0.1999999999999993
10,Sun,2020-11-15,8:20PM,New England Patriots,,Baltimore Ravens,boxscore,23,17,308,0,357,1,6,New England Patriots,Baltimore Ravens,23,17,-1.0,8.3,6,-9.3,4.7,5.5,6.1,6.3,4.5,4.6,6.9,5.6,6.2,5.7,10.3,12.4,11.8,12.5,-2.799999999999997
10,Mon,2020-11-16,8:15PM,Minnesota Vikings,@,Chicago Bears,boxscore,19,13,385,2,149,2,6,Chicago Bears,Minnesota Vikings,13,19,0.2,-2.4,-6,2.6,4.2,4.9,5.6,7.2,4.1,4.6,6.4,7.3,6.7,7.5,11.5,11.3,13.1,13.9,-0.6000000000000014
11,Thu,2020-11-19,8:20PM,Seattle Seahawks,,Arizona Cardinals,boxscore,28,21,347,0,314,0,7,Seattle Seahawks,Arizona Cardinals,28,21,5.5,2.6,7,2.9,4.8,4.7,6.5,6.5,3.9,4.6,6.3,5.9,6.1,6.5,10.7,11.0,13.0,12.6,0.09999999999999787
11,Sun,2020-11-22,1:00PM,Tennessee Titans,@,Baltimore Ravens,boxscore,30,24,423,1,306,1,6,Baltimore Ravens,Tennessee Titans,24,30,8.3,1.6,-6,6.7,5.5,5.2,6.3,7.2,4.6,4.5,5.6,6.8,5.7,6.9,12.3,10.8,13.2,12.9,1.7999999999999972
11,Sun,2020-11-22,1:00PM,Houston Texans,,New England Patriots,boxscore,27,20,399,0,435,0,7,Houston Texans,New England Patriots,27,20,-5.5,-1.0,7,-4.5,4.3,4.7,7.6,6.1,5.2,4.5,7.1,6.9,7.0,6.2,11.2,11.8,13.8,13.1,0.10000000000000142
11,Sun,2020-11-22,1:00PM,New Orleans Saints,,Atlanta Falcons,boxscore,24,9,376,1,248,2,15,New Orleans Saints,Atlanta Falcons,24,9,9.6,0.7,15,8.9,4.6,3.7,6.8,6.5,3.9,4.4,5.8,7.2,6.8,6.5,11.8,9.5,13.3,13.3,2.3000000000000007
11,Sun,2020-11-22,1:00PM,Washington Football Team,,Cincinnati Bengals,boxscore,20,9,325,1,272,2,11,Washington Football Team,Cincinnati Bengals,20,9,-0.8,-7.5,11,6.7,4.0,4.1,5.3,5.5,4.2,5.1,5.3,6.9,6.8,6.8,10.9,9.4,12.1,12.3,1.2999999999999972
11,Sun,2020-11-22,1:00PM,Pittsburgh Steelers,@,Jacksonville Jaguars,boxscore,27,3,373,1,206,4,24,Jacksonville Jaguars,Pittsburgh Steelers,3,27,-11.7,4.7,-24,-16.4,4.5,3.6,5.6,6.0,4.7,4.3,7.7,5.3,7.4,6.4,9.8,11.3,12.0,13.4,-2.900000000000002
11,Sun,2020-11-22,1:00PM,Cleveland Browns,,Philadelphia Eagles,boxscore,22,17,324,1,315,3,5,Cleveland Browns,Philadelphia Eagles,22,17,-2.6,-4.4,5,1.8,4.8,5.0,6.7,5.0,4.3,4.2,6.4,6.6,7.3,7.2,11.4,11.4,13.9,12.3,1.5999999999999979
11,Sun,2020-11-22,1:00PM,Carolina Panthers,,Detroit Lions,boxscore,20,0,374,2,185,1,20,Carolina Panthers,Detroit Lions,20,0,-1.1,-7.7,20,6.6,4.2,4.1,6.6,6.6,4.7,4.4,6.2,7.8,7.0,7.7,12.0,10.3,14.3,13.6,2.400000000000002
11,Sun,2020-11-22,4:05PM,Los Angeles Chargers,,New York Jets,boxscore,34,28,376,1,292,1,6,Los Angeles Chargers,New York Jets,34,28,-2.9,-11.5,6,8.6,3.8,4.1,6.5,5.2,4.5,4.0,6.3,6.9,7.8,7.4,10.7,10.4,13.9,13.0,1.2000000000000028
11,Sun,2020-11-22,4:05PM,Denver Broncos,,Miami Dolphins,boxscore,20,13,459,2,223,1,7,Denver Broncos,Miami Dolphins,20,13,-6.0,3.0,7,-9.0,4.3,3.9,5.9,6.3,4.8,4.5,6.3,6.9,7.6,5.7,11.2,10.2,11.6,13.9,-1.3000000000000043
11,Sun,2020-11-22,4:25PM,Indianapolis Colts,,Green Bay Packers,boxscore,34,31,420,2,367,4,3,Indianapolis Colts,Green Bay Packers,34,31,2.8,7.7,3,-4.9,4.3,4.8,7.1,7.5,3.7,4.5,6.4,6.1,6.8,6.9,10.4,11.2,14.0,14.3,-1.1000000000000014
11,Sun,2020-11-22,4:25PM,Dallas Cowboys,@,Minnesota Vikings,boxscore,31,28,376,1,430,2,3,Minnesota Vikings,Dallas Cowboys,28,31,-2.4,-5.1,-3,2.7,4.9,4.2,7.2,6.1,4.6,5.0,7.3,6.7,7.5,7.7,11.6,11.5,14.9,13.6,1.3999999999999986
11,Sun,2020-11-22,8:20PM,Kansas City Chiefs,@,Las Vegas Raiders,boxscore,35,31,460,1,364,1,4,Las Vegas Raiders,Kansas City Chiefs,31,35,-2.0,6.8,-4,-8.8,4.2,4.5,7.3,7.4,4.6,4.5,7.0,6.4,7.7,6.3,10.6,11.5,13.6,15.1,-2.400000000000002
11,Mon,2020-11-23,8:15PM,Los Angeles Rams,@,Tampa Bay Buccaneers,boxscore,27,24,413,2,251,2,3,Tampa Bay Buccaneers,Los Angeles Rams,24,27,9.4,5.4,-3,4.0,4.1,4.3,7.1,6.5,3.6,3.8,5.9,5.1,6.8,6.6,9.2,10.2,13.7,13.3,-0.6000000000000014
12,Thu,2020-11-26,12:30PM,Houston Texans,@,Detroit Lions,boxscore,41,25,384,1,388,3,16,Detroit Lions,Houston Texans,25,41,-7.7,-5.5,-16,-2.2,4.1,4.3,6.6,7.6,4.4,5.2,7.8,7.1,7.7,7.0,11.2,12.1,13.6,15.3,-2.6000000000000014
12,Thu,2020-11-26,4:30PM,Washington Football Team,@,Dallas Cowboys,boxscore,41,16,338,1,247,2,25,Dallas Cowboys,Washington Football Team,16,41,-5.1,-0.8,-25,-4.3,4.2,4.0,6.1,5.3,5.0,4.2,6.7,5.3,7.7,6.8,9.5,10.7,12.9,13.0,-1.3000000000000007
12,Sun,2020-11-29,1:00PM,Atlanta Falcons,,Las Vegas Raiders,boxscore,43,6,304,1,243,5,37,Atlanta Falcons,Las Vegas Raiders,43,6,0.7,-2.0,37,2.7,3.7,4.2,6.5,7.3,4.4,4.6,7.2,7.0,6.5,7.7,10.7,11.4,14.2,13.8,-0.30000000000000426
12,Sun,2020-11-29,1:00PM,Buffalo Bills,,Los Angeles Chargers,boxscore,27,17,332,3,367,1,10,Buffalo Bills,Los Angeles Chargers,27,17,7.7,-2.9,10,10.6,4.2,3.8,7.4,6.5,4.6,4.5,6.1,6.3,6.6,7.8,10.5,9.9,15.2,13.1,2.6999999999999993
12,Sun,2020-11-29,1:00PM,New York Giants,@,Cincinnati Bengals,boxscore,19,17,386,1,155,3,2,Cincinnati Bengals,New York Giants,17,19,-7.5,-4.4,-2,-3.1,4.1,4.4,5.5,5.3,5.1,4.1,6.9,6.2,6.8,6.4,10.3,11.3,11.9,12.1,-1.1999999999999957
12,Sun,2020-11-29,1:00PM,Cleveland Browns,@,Jacksonville Jaguars,boxscore,27,25,459,1,375,0,2,Jacksonville Jaguars,Cleveland Browns,25,27,-11.7,-2.6,-2,-9.1,4.5,4.8,5.6,6.7,4.7,4.3,7.7,6.4,7.4,7.3,10.9,12.5,12.9,14.1,-2.8000000000000007
12,Sun,2020-11-29,1:00PM,Miami Dolphins,@,New York Jets,boxscore,20,3,345,2,260,2,17,New York Jets,Miami Dolphins,3,20,-11.5,3.0,-17,-14.5,4.1,3.9,5.2,6.3,4.0,4.5,6.9,6.9,7.4,5.7,11.0,10.8,10.9,13.7,-2.6000000000000014
12,Sun,2020-11-29,1:00PM,Tennessee Titans,@,Indianapolis Colts,boxscore,45,26,449,0,336,1,19,Indianapolis Colts,Tennessee Titans,26,45,2.8,1.6,-19,1.2,4.3,5.2,7.1,7.2,3.7,4.5,6.4,6.8,6.8,6.9,11.1,11.6,14.0,14.0,-0.5
12,Sun,2020-11-29,1:00PM,New England Patriots,,Arizona Cardinals,boxscore,20,17,179,2,298,1,3,New England Patriots,Arizona Cardinals,20,17,-1.0,2.6,3,-3.6,4.7,4.7,6.1,6.5,4.5,4.6,6.9,5.9,6.2,6.5,10.6,11.6,12.6,12.7,-1.0999999999999979
12,Sun,2020-11-29,1:00PM,Minnesota Vikings,,Carolina Panthers,boxscore,28,27,387,3,374,1,1,Minnesota Vikings,Carolina Panthers,28,27,-2.4,-1.1,1,-1.3,4.9,4.2,7.2,6.6,4.6,4.7,7.3,6.2,7.5,7.0,11.1,11.5,14.2,14.1,-0.30000000000000426
12,Sun,2020-11-29,4:05PM,New Orleans Saints,@,Denver Broncos,boxscore,31,3,292,1,112,3,28,Denver Broncos,New Orleans Saints,3,31,-6.0,9.6,-28,-15.6,4.3,4.6,5.9,6.8,4.8,3.9,6.3,5.8,7.6,6.8,10.1,10.9,12.7,14.4,-2.5000000000000036
12,Sun,2020-11-29,4:05PM,San Francisco 49ers,@,Los Angeles Rams,boxscore,23,20,345,3,308,4,3,Los Angeles Rams,San Francisco 49ers,20,23,5.4,0.8,-3,4.6,4.3,4.3,6.5,6.6,3.8,4.0,5.1,5.9,6.6,7.8,10.2,9.4,14.3,13.2,1.8999999999999986
12,Sun,2020-11-29,4:25PM,Kansas City Chiefs,@,Tampa Bay Buccaneers,boxscore,27,24,543,1,417,2,3,Tampa Bay Buccaneers,Kansas City Chiefs,24,27,9.4,6.8,-3,2.6,4.1,4.5,7.1,7.4,3.6,4.5,5.9,6.4,6.8,6.3,10.5,10.4,13.4,14.2,-0.7000000000000028
12,Sun,2020-11-29,8:20PM,Green Bay Packers,,Chicago Bears,boxscore,41,25,393,0,350,3,16,Green Bay Packers,Chicago Bears,41,25,7.7,0.2,16,7.5,4.8,4.2,7.5,5.6,4.5,4.1,6.1,6.4,6.9,6.7,11.2,10.3,14.2,12.5,2.599999999999998
12,Mon,2020-11-30,8:15PM,Seattle Seahawks,@,Philadelphia Eagles,boxscore,23,17,301,0,250,1,6,Philadelphia Eagles,Seattle Seahawks,17,23,-4.4,5.5,-6,-9.9,5.0,4.8,5.0,6.5,4.2,3.9,6.6,6.3,7.2,6.1,11.3,11.4,11.1,13.7,-2.700000000000003
12,Wed,2020-12-02,3:40PM,Pittsburgh Steelers,,Baltimore Ravens,boxscore,19,14,334,2,219,2,5,Pittsburgh Steelers,Baltimore Ravens,19,14,4.7,8.3,5,-3.6,3.6,5.5,6.0,6.3,4.3,4.6,5.3,5.6,6.4,5.7,9.2,10.8,11.7,12.7,-2.6000000000000014
13,Sun,2020-12-06,1:00PM,Indianapolis Colts,@,Houston Texans,boxscore,26,20,371,0,398,2,6,Houston Texans,Indianapolis Colts,20,26,-5.5,2.8,-6,-8.3,4.3,4.3,7.6,7.1,5.2,3.7,7.1,6.4,7.0,6.8,10.7,11.4,14.4,14.1,-0.3999999999999986
13,Sun,2020-12-06,1:00PM,Las Vegas Raiders,@,New York Jets,boxscore,31,28,440,2,376,3,3,New York Jets,Las Vegas Raiders,28,31,-11.5,-2.0,-3,-9.5,4.1,4.2,5.2,7.3,4.0,4.6,6.9,7.0,7.4,7.7,11.1,11.1,12.9,14.7,-1.7999999999999972
13,Sun,2020-12-06,1:00PM,Detroit Lions,@,Chicago Bears,boxscore,34,30,460,1,389,1,4,Chicago Bears,Detroit Lions,30,34,0.2,-7.7,-4,7.9,4.2,4.1,5.6,6.6,4.1,4.4,6.4,7.8,6.7,7.7,12.0,10.5,13.3,13.3,1.5
13,Sun,2020-12-06,1:00PM,Minnesota Vikings,,Jacksonville Jaguars,boxscore,27,24,420,2,390,4,3,Minnesota Vikings,Jacksonville Jaguars,27,24,-2.4,-11.7,3,9.3,4.9,4.5,7.2,5.6,4.6,4.7,7.3,7.7,7.5,7.4,12.6,11.8,14.6,13.1,2.3000000000000007
13,Sun,2020-12-06,1:00PM,New Orleans Saints,@,Atlanta Falcons,boxscore,21,16,424,1,332,1,5,Atlanta Falcons,New Orleans Saints,16,21,0.7,9.6,-5,-8.9,3.7,4.6,6.5,6.8,4.4,3.9,7.2,5.8,6.5,6.8,9.5,11.8,13.3,13.3,-2.3000000000000007
13,Sun,2020-12-06,1:00PM,Miami Dolphins,,Cincinnati Bengals,boxscore,19,7,406,1,196,2,12,Miami Dolphins,Cincinnati Bengals,19,7,3.0,-7.5,12,10.5,3.9,4.1,6.3,5.5,4.5,5.1,6.9,6.9,5.7,6.8,10.8,11.0,13.1,11.2,1.6999999999999993
13,Sun,2020-12-06,1:00PM,Cleveland Browns,@,Tennessee Titans,boxscore,41,35,458,1,431,3,6,Tennessee Titans,Cleveland Browns,35,41,1.6,-2.6,-6,4.2,5.2,4.8,7.2,6.7,4.5,4.3,6.8,6.4,6.9,7.3,11.6,11.6,14.5,13.6,0.9000000000000021
13,Sun,2020-12-06,4:05PM,Los Angeles Rams,@,Arizona Cardinals,boxscore,38,28,463,1,232,2,10,Arizona Cardinals,Los Angeles Rams,28,38,2.6,5.4,-10,-2.8,4.7,4.3,6.5,6.5,4.6,3.8,5.9,5.1,6.5,6.6,9.8,10.2,13.1,13.0,-0.3000000000000007
13,Sun,2020-12-06,4:05PM,New York Giants,@,Seattle Seahawks,boxscore,17,12,290,1,327,2,5,Seattle Seahawks,New York Giants,12,17,5.5,-4.4,-5,9.9,4.8,4.4,6.5,5.3,3.9,4.1,6.3,6.2,6.1,6.4,11.0,10.7,12.9,11.4,1.7999999999999972
13,Sun,2020-12-06,4:25PM,New England Patriots,@,Los Angeles Chargers,boxscore,45,0,291,0,258,2,45,Los Angeles Chargers,New England Patriots,0,45,-2.9,-1.0,-45,-1.9,3.8,4.7,6.5,6.1,4.5,4.5,6.3,6.9,7.8,6.2,10.7,11.0,12.7,13.9,-1.5
13,Sun,2020-12-06,4:25PM,Green Bay Packers,,Philadelphia Eagles,boxscore,30,16,437,0,278,1,14,Green Bay Packers,Philadelphia Eagles,30,16,7.7,-4.4,14,12.1,4.8,5.0,7.5,5.0,4.5,4.2,6.1,6.6,6.9,7.2,11.4,11.1,14.7,11.9,3.1000000000000014
13,Sun,2020-12-06,8:20PM,Kansas City Chiefs,,Denver Broncos,boxscore,22,16,447,0,330,2,6,Kansas City Chiefs,Denver Broncos,22,16,6.8,-6.0,6,12.8,4.5,4.3,7.4,5.9,4.5,4.8,6.4,6.3,6.3,7.6,10.8,10.7,15.0,12.2,2.900000000000002
13,Mon,2020-12-07,5:00PM,Washington Football Team,@,Pittsburgh Steelers,boxscore,23,17,318,0,326,1,6,Pittsburgh Steelers,Washington Football Team,17,23,4.7,-0.8,-6,5.5,3.6,4.0,6.0,5.3,4.3,4.2,5.3,5.3,6.4,6.8,8.9,9.3,12.8,11.7,0.7000000000000028
13,Mon,2020-12-07,8:15PM,Buffalo Bills,@,San Francisco 49ers,boxscore,34,24,449,1,402,2,10,San Francisco 49ers,Buffalo Bills,24,34,0.8,7.7,-10,-6.9,4.3,4.2,6.6,7.4,4.0,4.6,5.9,6.1,7.8,6.6,10.4,10.1,13.2,15.2,-1.6999999999999957
13,Tue,2020-12-08,8:05PM,Baltimore Ravens,,Dallas Cowboys,boxscore,34,17,401,1,388,1,17,Baltimore Ravens,Dallas Cowboys,34,17,8.3,-5.1,17,13.4,5.5,4.2,6.3,6.1,4.6,5.0,5.6,6.7,5.7,7.7,12.2,9.8,14.0,11.8,4.599999999999998
14,Thu,2020-12-10,8:20PM,Los Angeles Rams,,New England Patriots,boxscore,24,3,318,1,220,1,21,Los Angeles Rams,New England Patriots,24,3,5.4,-1.0,21,6.4,4.3,4.7,6.5,6.1,3.8,4.5,5.1,6.9,6.6,6.2,11.2,9.8,12.7,12.7,1.3999999999999986
14,Sun,2020-12-13,1:00PM,Dallas Cowboys,@,Cincinnati Bengals,boxscore,30,7,272,0,309,3,23,Cincinnati Bengals,Dallas Cowboys,7,30,-7.5,-5.1,-23,-2.4,4.1,4.2,5.5,6.1,5.1,5.0,6.9,6.7,6.8,7.7,10.8,11.1,13.2,12.9,0.0
14,Sun,2020-12-13,1:00PM,Kansas City Chiefs,@,Miami Dolphins,boxscore,33,27,448,4,367,1,6,Miami Dolphins,Kansas City Chiefs,27,33,3.0,6.8,-6,-3.8,3.9,4.5,6.3,7.4,4.5,4.5,6.9,6.4,5.7,6.3,10.3,11.4,12.6,13.1,-1.6000000000000014
14,Sun,2020-12-13,1:00PM,Tampa Bay Buccaneers,,Minnesota Vikings,boxscore,26,14,303,0,335,1,12,Tampa Bay Buccaneers,Minnesota Vikings,26,14,9.4,-2.4,12,11.8,4.1,4.9,7.1,7.2,3.6,4.6,5.9,7.3,6.8,7.5,11.4,10.8,14.6,14.0,1.1999999999999993
14,Sun,2020-12-13,1:00PM,Arizona Cardinals,@,New York Giants,boxscore,26,7,390,0,159,3,19,New York Giants,Arizona Cardinals,7,26,-4.4,2.6,-19,-7.0,4.4,4.7,5.3,6.5,4.1,4.6,6.2,5.9,6.4,6.5,10.3,10.9,11.8,12.9,-1.6999999999999993
14,Sun,2020-12-13,1:00PM,Denver Broncos,@,Carolina Panthers,boxscore,32,27,365,1,370,0,5,Carolina Panthers,Denver Broncos,27,32,-1.1,-6.0,-5,4.9,4.2,4.3,6.6,5.9,4.7,4.8,6.2,6.3,7.0,7.6,10.5,10.5,14.2,12.9,1.3000000000000007
14,Sun,2020-12-13,1:00PM,Chicago Bears,,Houston Texans,boxscore,36,7,410,0,263,2,29,Chicago Bears,Houston Texans,36,7,0.2,-5.5,29,5.7,4.2,4.3,5.6,7.6,4.1,5.2,6.4,7.1,6.7,7.0,11.3,10.7,12.6,14.3,-1.1000000000000014
14,Sun,2020-12-13,1:00PM,Tennessee Titans,@,Jacksonville Jaguars,boxscore,31,10,454,1,354,1,21,Jacksonville Jaguars,Tennessee Titans,10,31,-11.7,1.6,-21,-13.3,4.5,5.2,5.6,7.2,4.7,4.5,7.7,6.8,7.4,6.9,11.3,12.9,12.5,14.6,-3.6999999999999993
14,Sun,2020-12-13,4:05PM,Indianapolis Colts,@,Las Vegas Raiders,boxscore,44,27,456,0,424,3,17,Las Vegas Raiders,Indianapolis Colts,27,44,-2.0,2.8,-17,-4.8,4.2,4.3,7.3,7.1,4.6,3.7,7.0,6.4,7.7,6.8,10.6,11.3,14.1,14.8,-1.4000000000000021
14,Sun,2020-12-13,4:05PM,Seattle Seahawks,,New York Jets,boxscore,40,3,410,1,185,1,37,Seattle Seahawks,New York Jets,40,3,5.5,-11.5,37,17.0,4.8,4.1,6.5,5.2,3.9,4.0,6.3,6.9,6.1,7.4,11.7,10.4,13.9,11.3,3.8999999999999986
14,Sun,2020-12-13,4:25PM,Philadelphia Eagles,,New Orleans Saints,boxscore,24,21,413,1,358,2,3,Philadelphia Eagles,New Orleans Saints,24,21,-4.4,9.6,3,-14.0,5.0,4.6,5.0,6.8,4.2,3.9,6.6,5.8,7.2,6.8,10.8,11.2,11.8,14.0,-2.599999999999998
14,Sun,2020-12-13,4:25PM,Los Angeles Chargers,,Atlanta Falcons,boxscore,20,17,345,1,319,3,3,Los Angeles Chargers,Atlanta Falcons,20,17,-2.9,0.7,3,-3.6,3.8,3.7,6.5,6.5,4.5,4.4,6.3,7.2,7.8,6.5,11.0,10.0,13.0,14.3,-0.3000000000000007
14,Sun,2020-12-13,4:25PM,Green Bay Packers,@,Detroit Lions,boxscore,31,24,410,0,293,0,7,Detroit Lions,Green Bay Packers,24,31,-7.7,7.7,-7,-15.4,4.1,4.8,6.6,7.5,4.4,4.5,7.8,6.1,7.7,6.9,10.2,12.6,13.5,15.2,-4.099999999999998
14,Sun,2020-12-13,4:25PM,Washington Football Team,@,San Francisco 49ers,boxscore,23,15,193,1,344,3,8,San Francisco 49ers,Washington Football Team,15,23,0.8,-0.8,-8,1.6,4.3,4.0,6.6,5.3,4.0,4.2,5.9,5.3,7.8,6.8,9.6,9.9,13.4,13.1,0.0
14,Sun,2020-12-13,8:20PM,Buffalo Bills,,Pittsburgh Steelers,boxscore,26,15,334,2,224,2,11,Buffalo Bills,Pittsburgh Steelers,26,15,7.7,4.7,11,3.0,4.2,3.6,7.4,6.0,4.6,4.3,6.1,5.3,6.6,6.4,9.5,9.7,13.8,12.6,1.0000000000000036
14,Mon,2020-12-14,8:15PM,Baltimore Ravens,@,Cleveland Browns,boxscore,47,42,385,0,493,1,5,Cleveland Browns,Baltimore Ravens,42,47,-2.6,8.3,-5,-10.9,4.8,5.5,6.7,6.3,4.3,4.6,6.4,5.6,7.3,5.7,10.4,11.9,12.4,13.6,-2.6999999999999993
15,Thu,2020-12-17,8:20PM,Los Angeles Chargers,@,Las Vegas Raiders,boxscore,30,27,402,0,449,1,3,Las Vegas Raiders,Los Angeles Chargers,27,30,-2.0,-2.9,-3,0.9,4.2,3.8,7.3,6.5,4.6,4.5,7.0,6.3,7.7,7.8,10.5,10.8,15.1,14.2,0.6000000000000014
15,Sat,2020-12-19,4:30PM,Buffalo Bills,@,Denver Broncos,boxscore,48,19,534,1,255,1,29,Denver Broncos,Buffalo Bills,19,48,-6.0,7.7,-29,-13.7,4.3,4.2,5.9,7.4,4.8,4.6,6.3,6.1,7.6,6.6,10.4,10.5,12.5,15.0,-2.6000000000000014
15,Sat,2020-12-19,8:15PM,Green Bay Packers,,Carolina Panthers,boxscore,24,16,291,0,364,1,8,Green Bay Packers,Carolina Panthers,24,16,7.7,-1.1,8,8.8,4.8,4.2,7.5,6.6,4.5,4.7,6.1,6.2,6.9,7.0,11.0,10.3,14.5,13.5,1.6999999999999993
15,Sun,2020-12-20,1:00PM,Indianapolis Colts,,Houston Texans,boxscore,27,20,350,0,425,2,7,Indianapolis Colts,Houston Texans,27,20,2.8,-5.5,7,8.3,4.3,4.3,7.1,7.6,3.7,5.2,6.4,7.1,6.8,7.0,11.4,10.7,14.1,14.4,0.3999999999999986
15,Sun,2020-12-20,1:00PM,Dallas Cowboys,,San Francisco 49ers,boxscore,41,33,291,0,458,4,8,Dallas Cowboys,San Francisco 49ers,41,33,-5.1,0.8,8,-5.9,4.2,4.3,6.1,6.6,5.0,4.0,6.7,5.9,7.7,7.8,10.1,11.0,13.9,14.3,-1.3000000000000007
15,Sun,2020-12-20,1:00PM,Chicago Bears,@,Minnesota Vikings,boxscore,33,27,397,1,407,1,6,Minnesota Vikings,Chicago Bears,27,33,-2.4,0.2,-6,-2.6,4.9,4.2,7.2,5.6,4.6,4.1,7.3,6.4,7.5,6.7,11.3,11.5,13.9,13.1,0.6000000000000014
15,Sun,2020-12-20,1:00PM,Baltimore Ravens,,Jacksonville Jaguars,boxscore,40,14,409,1,267,1,26,Baltimore Ravens,Jacksonville Jaguars,40,14,8.3,-11.7,26,20.0,5.5,4.5,6.3,5.6,4.6,4.7,5.6,7.7,5.7,7.4,13.2,10.1,13.7,11.3,5.5
15,Sun,2020-12-20,1:00PM,Tampa Bay Buccaneers,@,Atlanta Falcons,boxscore,31,27,416,0,369,0,4,Atlanta Falcons,Tampa Bay Buccaneers,27,31,0.7,9.4,-4,-8.7,3.7,4.1,6.5,7.1,4.4,3.6,7.2,5.9,6.5,6.8,9.6,11.3,13.3,13.6,-2.0
15,Sun,2020-12-20,1:00PM,Tennessee Titans,,Detroit Lions,boxscore,46,25,463,0,430,3,21,Tennessee Titans,Detroit Lions,46,25,1.6,-7.7,21,9.3,5.2,4.1,7.2,6.6,4.5,4.4,6.8,7.8,6.9,7.7,13.0,10.9,14.9,13.5,3.5
15,Sun,2020-12-20,1:00PM,Seattle Seahawks,@,Washington Football Team,boxscore,20,15,302,1,353,2,5,Washington Football Team,Seattle Seahawks,15,20,-0.8,5.5,-5,-6.3,4.0,4.8,5.3,6.5,4.2,3.9,5.3,6.3,6.8,6.1,10.3,10.1,11.4,13.3,-1.6999999999999957
15,Sun,2020-12-20,1:00PM,Miami Dolphins,,New England Patriots,boxscore,22,12,383,1,303,1,10,Miami Dolphins,New England Patriots,22,12,3.0,-1.0,10,4.0,3.9,4.7,6.3,6.1,4.5,4.5,6.9,6.9,5.7,6.2,10.8,11.6,12.5,11.8,-0.09999999999999787
15,Sun,2020-12-20,4:05PM,Arizona Cardinals,,Philadelphia Eagles,boxscore,33,26,526,3,422,0,7,Arizona Cardinals,Philadelphia Eagles,33,26,2.6,-4.4,7,7.0,4.7,5.0,6.5,5.0,4.6,4.2,5.9,6.6,6.5,7.2,11.3,10.9,13.7,11.5,2.6000000000000014
15,Sun,2020-12-20,4:05PM,New York Jets,@,Los Angeles Rams,boxscore,23,20,289,0,303,1,3,Los Angeles Rams,New York Jets,20,23,5.4,-11.5,-3,16.9,4.3,4.1,6.5,5.2,3.8,4.0,5.1,6.9,6.6,7.4,11.2,9.2,13.9,11.8,4.100000000000001
15,Sun,2020-12-20,4:25PM,Kansas City Chiefs,@,New Orleans Saints,boxscore,32,29,411,1,285,1,3,New Orleans Saints,Kansas City Chiefs,29,32,9.6,6.8,-3,2.8,4.6,4.5,6.8,7.4,3.9,4.5,5.8,6.4,6.8,6.3,11.0,10.3,13.1,14.2,-0.3999999999999986
15,Sun,2020-12-20,8:20PM,Cleveland Browns,@,New York Giants,boxscore,20,6,392,0,288,0,14,New York Giants,Cleveland Browns,6,20,-4.4,-2.6,-14,-1.8,4.4,4.8,5.3,6.7,4.1,4.3,6.2,6.4,6.4,7.3,10.8,11.0,12.6,13.1,-0.7000000000000028
15,Mon,2020-12-21,8:15PM,Cincinnati Bengals,,Pittsburgh Steelers,boxscore,27,17,230,0,244,3,10,Cincinnati Bengals,Pittsburgh Steelers,27,17,-7.5,4.7,10,-12.2,4.1,3.6,5.5,6.0,5.1,4.3,6.9,5.3,6.8,6.4,9.4,10.5,11.9,12.8,-2.0
16,Fri,2020-12-25,4:30PM,New Orleans Saints,,Minnesota Vikings,boxscore,52,33,583,2,364,0,19,New Orleans Saints,Minnesota Vikings,52,33,9.6,-2.4,19,12.0,4.6,4.9,6.8,7.2,3.9,4.6,5.8,7.3,6.8,7.5,11.9,10.7,14.3,14.0,1.5000000000000036
16,Sat,2020-12-26,1:00PM,Tampa Bay Buccaneers,@,Detroit Lions,boxscore,47,7,588,0,186,2,40,Detroit Lions,Tampa Bay Buccaneers,7,47,-7.7,9.4,-40,-17.1,4.1,4.1,6.6,7.1,4.4,3.6,7.8,5.9,7.7,6.8,10.0,11.9,13.4,14.8,-3.3000000000000043
16,Sat,2020-12-26,4:30PM,San Francisco 49ers,@,Arizona Cardinals,boxscore,20,12,398,1,350,2,8,Arizona Cardinals,San Francisco 49ers,12,20,2.6,0.8,-8,1.8,4.7,4.3,6.5,6.6,4.6,4.0,5.9,5.9,6.5,7.8,10.6,10.2,14.3,13.1,1.6000000000000014
16,Sat,2020-12-26,8:15PM,Miami Dolphins,@,Las Vegas Raiders,boxscore,26,25,383,0,418,1,1,Las Vegas Raiders,Miami Dolphins,25,26,-2.0,3.0,-1,-5.0,4.2,3.9,7.3,6.3,4.6,4.5,7.0,6.9,7.7,5.7,11.1,10.9,13.0,14.0,-0.7999999999999972
16,Sun,2020-12-27,1:00PM,Kansas City Chiefs,,Atlanta Falcons,boxscore,17,14,395,2,367,1,3,Kansas City Chiefs,Atlanta Falcons,17,14,6.8,0.7,3,6.1,4.5,3.7,7.4,6.5,4.5,4.4,6.4,7.2,6.3,6.5,11.7,10.1,13.9,12.8,2.700000000000003
16,Sun,2020-12-27,1:00PM,Cincinnati Bengals,@,Houston Texans,boxscore,37,31,540,0,488,1,6,Houston Texans,Cincinnati Bengals,31,37,-5.5,-7.5,-6,2.0,4.3,4.1,7.6,5.5,5.2,5.1,7.1,6.9,7.0,6.8,11.2,11.2,14.4,12.5,1.9000000000000021
16,Sun,2020-12-27,1:00PM,New York Jets,,Cleveland Browns,boxscore,23,16,333,0,299,2,7,New York Jets,Cleveland Browns,23,16,-11.5,-2.6,7,-8.9,4.1,4.8,5.2,6.7,4.0,4.3,6.9,6.4,7.4,7.3,10.5,11.7,12.5,14.1,-2.799999999999997
16,Sun,2020-12-27,1:00PM,Pittsburgh Steelers,,Indianapolis Colts,boxscore,28,24,354,0,365,2,4,Pittsburgh Steelers,Indianapolis Colts,28,24,4.7,2.8,4,1.9,3.6,4.3,6.0,7.1,4.3,3.7,5.3,6.4,6.4,6.8,10.0,9.6,12.8,13.5,-0.3000000000000007
16,Sun,2020-12-27,1:00PM,Baltimore Ravens,,New York Giants,boxscore,27,13,432,1,269,0,14,Baltimore Ravens,New York Giants,27,13,8.3,-4.4,14,12.7,5.5,4.4,6.3,5.3,4.6,4.1,5.6,6.2,5.7,6.4,11.7,10.0,12.7,11.0,3.3999999999999986
16,Sun,2020-12-27,1:00PM,Chicago Bears,@,Jacksonville Jaguars,boxscore,41,17,391,1,279,2,24,Jacksonville Jaguars,Chicago Bears,17,41,-11.7,0.2,-24,-11.9,4.5,4.2,5.6,5.6,4.7,4.1,7.7,6.4,7.4,6.7,10.9,11.9,12.3,13.0,-1.6999999999999957
16,Sun,2020-12-27,4:05PM,Los Angeles Chargers,,Denver Broncos,boxscore,19,16,316,0,396,2,3,Los Angeles Chargers,Denver Broncos,19,16,-2.9,-6.0,3,3.1,3.8,4.3,6.5,5.9,4.5,4.8,6.3,6.3,7.8,7.6,10.1,10.6,14.1,13.7,-0.09999999999999787
16,Sun,2020-12-27,4:05PM,Carolina Panthers,@,Washington Football Team,boxscore,20,13,280,2,386,4,7,Washington Football Team,Carolina Panthers,13,20,-0.8,-1.1,-7,0.3,4.0,4.2,5.3,6.6,4.2,4.7,5.3,6.2,6.8,7.0,10.2,9.5,12.3,13.4,-0.3999999999999986
16,Sun,2020-12-27,4:25PM,Seattle Seahawks,,Los Angeles Rams,boxscore,20,9,292,0,334,1,11,Seattle Seahawks,Los Angeles Rams,20,9,5.5,5.4,11,0.1,4.8,4.3,6.5,6.5,3.9,3.8,6.3,5.1,6.1,6.6,9.9,10.6,13.1,12.6,-0.1999999999999993
16,Sun,2020-12-27,4:25PM,Dallas Cowboys,,Philadelphia Eagles,boxscore,37,17,513,1,477,3,20,Dallas Cowboys,Philadelphia Eagles,37,17,-5.1,-4.4,20,-0.7,4.2,5.0,6.1,5.0,5.0,4.2,6.7,6.6,7.7,7.2,10.8,11.7,13.3,12.7,-0.29999999999999716
16,Sun,2020-12-27,8:20PM,Green Bay Packers,,Tennessee Titans,boxscore,40,14,448,1,260,2,26,Green Bay Packers,Tennessee Titans,40,14,7.7,1.6,26,6.1,4.8,5.2,7.5,7.2,4.5,4.5,6.1,6.8,6.9,6.9,11.6,11.3,14.4,14.1,0.6000000000000014
16,Mon,2020-12-28,8:15PM,Buffalo Bills,@,New England Patriots,boxscore,38,9,474,0,201,0,29,New England Patriots,Buffalo Bills,9,38,-1.0,7.7,-29,-8.7,4.7,4.2,6.1,7.4,4.5,4.6,6.9,6.1,6.2,6.6,10.8,11.1,12.7,13.6,-1.1999999999999993
17,Sun,2021-01-03,1:00PM,New York Giants,,Dallas Cowboys,boxscore,23,19,336,2,307,1,4,New York Giants,Dallas Cowboys,23,19,-4.4,-5.1,4,0.7,4.4,4.2,5.3,6.1,4.1,5.0,6.2,6.7,6.4,7.7,11.1,10.4,13.0,12.5,1.2000000000000028
17,Sun,2021-01-03,1:00PM,Tampa Bay Buccaneers,,Atlanta Falcons,boxscore,44,27,485,1,385,2,17,Tampa Bay Buccaneers,Atlanta Falcons,44,27,9.4,0.7,17,8.7,4.1,3.7,7.1,6.5,3.6,4.4,5.9,7.2,6.8,6.5,11.3,9.6,13.6,13.3,2.0
17,Sun,2021-01-03,1:00PM,New England Patriots,,New York Jets,boxscore,28,14,404,0,350,2,14,New England Patriots,New York Jets,28,14,-1.0,-11.5,14,10.5,4.7,4.1,6.1,5.2,4.5,4.0,6.9,6.9,6.2,7.4,11.6,11.0,13.5,11.4,2.700000000000003
17,Sun,2021-01-03,1:00PM,Buffalo Bills,,Miami Dolphins,boxscore,56,26,455,2,454,4,30,Buffalo Bills,Miami Dolphins,56,26,7.7,3.0,30,4.7,4.2,3.9,7.4,6.3,4.6,4.5,6.1,6.9,6.6,5.7,11.1,10.0,13.1,12.9,1.3000000000000007
17,Sun,2021-01-03,1:00PM,Minnesota Vikings,@,Detroit Lions,boxscore,37,35,508,0,417,2,2,Detroit Lions,Minnesota Vikings,35,37,-7.7,-2.4,-2,-5.3,4.1,4.9,6.6,7.2,4.4,4.6,7.8,7.3,7.7,7.5,11.4,12.7,14.1,14.9,-2.1000000000000014
17,Sun,2021-01-03,1:00PM,Baltimore Ravens,@,Cincinnati Bengals,boxscore,38,3,525,1,195,2,35,Cincinnati Bengals,Baltimore Ravens,3,38,-7.5,8.3,-35,-15.8,4.1,5.5,5.5,6.3,5.1,4.6,6.9,5.6,6.8,5.7,9.7,12.4,11.2,13.1,-4.600000000000001
17,Sun,2021-01-03,1:00PM,Cleveland Browns,,Pittsburgh Steelers,boxscore,24,22,358,0,394,1,2,Cleveland Browns,Pittsburgh Steelers,24,22,-2.6,4.7,2,-7.3,4.8,3.6,6.7,6.0,4.3,4.3,6.4,5.3,7.3,6.4,10.1,10.0,13.1,13.3,-0.10000000000000142
17,Sun,2021-01-03,4:25PM,Indianapolis Colts,,Jacksonville Jaguars,boxscore,28,14,437,1,283,1,14,Indianapolis Colts,Jacksonville Jaguars,28,14,2.8,-11.7,14,14.5,4.3,4.5,7.1,5.6,3.7,4.7,6.4,7.7,6.8,7.4,12.0,10.9,14.5,12.4,3.1999999999999993
17,Sun,2021-01-03,4:25PM,Los Angeles Rams,,Arizona Cardinals,boxscore,18,7,333,2,214,1,11,Los Angeles Rams,Arizona Cardinals,18,7,5.4,2.6,11,2.8,4.3,4.7,6.5,6.5,3.8,4.6,5.1,5.9,6.6,6.5,10.2,9.8,13.0,13.1,0.3000000000000007
17,Sun,2021-01-03,4:25PM,New Orleans Saints,@,Carolina Panthers,boxscore,33,7,347,0,320,5,26,Carolina Panthers,New Orleans Saints,7,33,-1.1,9.6,-26,-10.7,4.2,4.6,6.6,6.8,4.7,3.9,6.2,5.8,7.0,6.8,10.0,10.8,13.4,13.8,-1.2000000000000028
17,Sun,2021-01-03,4:25PM,Seattle Seahawks,@,San Francisco 49ers,boxscore,26,23,280,0,328,1,3,San Francisco 49ers,Seattle Seahawks,23,26,0.8,5.5,-3,-4.7,4.3,4.8,6.6,6.5,4.0,3.9,5.9,6.3,7.8,6.1,10.6,10.7,12.7,14.3,-1.7000000000000028
17,Sun,2021-01-03,4:25PM,Green Bay Packers,@,Chicago Bears,boxscore,35,16,316,1,356,2,19,Chicago Bears,Green Bay Packers,16,35,0.2,7.7,-19,-7.5,4.2,4.8,5.6,7.5,4.1,4.5,6.4,6.1,6.7,6.9,10.3,11.2,12.5,14.2,-2.599999999999998
17,Sun,2021-01-03,4:25PM,Los Angeles Chargers,@,Kansas City Chiefs,boxscore,38,21,416,0,268,1,17,Kansas City Chiefs,Los Angeles Chargers,21,38,6.8,-2.9,-17,9.7,4.5,3.8,7.4,6.5,4.5,4.5,6.4,6.3,6.3,7.8,10.8,10.2,15.2,12.8,3.0
17,Sun,2021-01-03,4:25PM,Las Vegas Raiders,@,Denver Broncos,boxscore,32,31,465,4,446,0,1,Denver Broncos,Las Vegas Raiders,31,32,-6.0,-2.0,-1,-4.0,4.3,4.2,5.9,7.3,4.8,4.6,6.3,7.0,7.6,7.7,11.3,10.5,13.6,14.9,-0.5
17,Sun,2021-01-03,4:25PM,Tennessee Titans,@,Houston Texans,boxscore,41,38,492,1,457,1,3,Houston Texans,Tennessee Titans,38,41,-5.5,1.6,-3,-7.1,4.3,5.2,7.6,7.2,5.2,4.5,7.1,6.8,7.0,6.9,11.1,12.3,14.5,14.2,-0.8999999999999986
17,Sun,2021-01-03,8:20PM,Washington Football Team,@,Philadelphia Eagles,boxscore,20,14,248,2,216,3,6,Philadelphia Eagles,Washington Football Team,14,20,-4.4,-0.8,-6,-3.6,5.0,4.0,5.0,5.3,4.2,4.2,6.6,5.3,7.2,6.8,10.3,10.6,11.8,12.5,-1.0
WildCard,Sat,2021-01-09,1:05PM,Buffalo Bills,,Indianapolis Colts,boxscore,27,24,397,0,472,0,3,Buffalo Bills,Indianapolis Colts,27,24,7.7,2.8,3,4.9,4.2,4.3,7.4,7.1,4.6,3.7,6.1,6.4,6.6,6.8,10.6,10.4,14.2,13.7,0.6999999999999957
WildCard,Sat,2021-01-09,4:40PM,Los Angeles Rams,@,Seattle Seahawks,boxscore,30,20,333,0,278,2,10,Seattle Seahawks,Los Angeles Rams,20,30,5.5,5.4,-10,0.1,4.8,4.3,6.5,6.5,3.9,3.8,6.3,5.1,6.1,6.6,9.9,10.6,13.1,12.6,-0.1999999999999993
WildCard,Sat,2021-01-09,8:15PM,Tampa Bay Buccaneers,@,Washington Football Team,boxscore,31,23,507,1,375,1,8,Washington Football Team,Tampa Bay Buccaneers,23,31,-0.8,9.4,-8,-10.2,4.0,4.1,5.3,7.1,4.2,3.6,5.3,5.9,6.8,6.8,9.9,9.4,12.1,13.9,-1.3000000000000007
WildCard,Sun,2021-01-10,1:05PM,Baltimore Ravens,@,Tennessee Titans,boxscore,20,13,401,1,209,1,7,Tennessee Titans,Baltimore Ravens,13,20,1.6,8.3,-7,-6.7,5.2,5.5,7.2,6.3,4.5,4.6,6.8,5.6,6.9,5.7,10.8,12.3,12.9,13.2,-1.7999999999999972
WildCard,Sun,2021-01-10,4:40PM,New Orleans Saints,,Chicago Bears,boxscore,21,9,385,1,239,0,12,New Orleans Saints,Chicago Bears,21,9,9.6,0.2,12,9.4,4.6,4.2,6.8,5.6,3.9,4.1,5.8,6.4,6.8,6.7,11.0,10.0,13.5,12.4,2.1000000000000014
WildCard,Sun,2021-01-10,8:15PM,Cleveland Browns,@,Pittsburgh Steelers,boxscore,48,37,390,0,553,5,11,Pittsburgh Steelers,Cleveland Browns,37,48,4.7,-2.6,-11,7.3,3.6,4.8,6.0,6.7,4.3,4.3,5.3,6.4,6.4,7.3,10.0,10.1,13.3,13.1,0.10000000000000142
Division,Sat,2021-01-16,4:35PM,Green Bay Packers,,Los Angeles Rams,boxscore,32,18,484,0,244,0,14,Green Bay Packers,Los Angeles Rams,32,18,7.7,5.4,14,2.3,4.8,4.3,7.5,6.5,4.5,3.8,6.1,5.1,6.9,6.6,9.9,10.4,14.1,13.4,0.1999999999999993
Division,Sat,2021-01-16,8:15PM,Buffalo Bills,,Baltimore Ravens,boxscore,17,3,220,0,340,1,14,Buffalo Bills,Baltimore Ravens,17,3,7.7,8.3,14,-0.6,4.2,5.5,7.4,6.3,4.6,4.6,6.1,5.6,6.6,5.7,9.8,11.6,13.1,12.9,-1.6000000000000014
Division,Sun,2021-01-17,3:05PM,Kansas City Chiefs,,Cleveland Browns,boxscore,22,17,438,1,308,2,5,Kansas City Chiefs,Cleveland Browns,22,17,6.8,-2.6,5,9.4,4.5,4.8,7.4,6.7,4.5,4.3,6.4,6.4,6.3,7.3,10.9,11.2,14.7,13.0,1.4000000000000021
Division,Sun,2021-01-17,6:40PM,Tampa Bay Buccaneers,@,New Orleans Saints,boxscore,30,20,316,0,294,4,10,New Orleans Saints,Tampa Bay Buccaneers,20,30,9.6,9.4,-10,0.2,4.6,4.1,6.8,7.1,3.9,3.6,5.8,5.9,6.8,6.8,10.5,9.9,13.6,13.9,0.3000000000000007
ConfChamp,Sun,2021-01-24,3:05PM,Tampa Bay Buccaneers,@,Green Bay Packers,boxscore,31,26,351,3,381,2,5,Green Bay Packers,Tampa Bay Buccaneers,26,31,7.7,9.4,-5,-1.7,4.8,4.1,7.5,7.1,4.5,3.6,6.1,5.9,6.9,6.8,10.7,10.2,14.3,14.0,0.8000000000000007
ConfChamp,Sun,2021-01-24,6:40PM,Kansas City Chiefs,,Buffalo Bills,boxscore,38,24,439,1,363,1,14,Kansas City Chiefs,Buffalo Bills,38,24,6.8,7.7,14,-0.9,4.5,4.2,7.4,7.4,4.5,4.6,6.4,6.1,6.3,6.6,10.6,10.6,14.0,13.7,0.30000000000000426
SuperBowl,Sun,2021-02-07,6:30PM,Tampa Bay Buccaneers,N,Kansas City Chiefs,boxscore,31,9,340,0,350,2,22,Tampa Bay Buccaneers,Kansas City Chiefs,31,9,9.4,6.8,22,2.6,4.1,4.5,7.1,7.4,3.6,4.5,5.9,6.4,6.8,6.3,10.5,10.4,13.4,14.2,-0.7000000000000028
